User Query,Action,Amount,Recipient
Pay my rent bill,Pay bill,1931.0,rent
How much money do I have?,Check balance,,
What is my loan balance?,Check loan,,
How much do I owe on my loan?,Check loan,,
Check my loan status,Check loan,,
I want to borrow 49800 ZAR,Apply for loan,49800.0,
Check my loan status,Check loan,,
I need to pay 3417 ZAR for my rent,Pay bill,3417.0,rent
Can I get a loan for 6371 ZAR?,Apply for loan,6371.0,
Move 8058 ZAR to investment,Transfer money,8058.0,investment
Send 2419 ZAR to Jane,Send money,2419.0,Jane
I want to send 8083 ZAR to Mike,Send money,8083.0,Mike
Send 2075 ZAR to savings,Transfer money,2075.0,savings
What is my current balance?,Check balance,,
Pay 323 ZAR for water,Pay bill,323.0,water
I need to pay 2020 ZAR for my internet,Pay bill,2020.0,internet
Transfer 4553 ZAR to my checking,Transfer money,4553.0,checking
Send 1627 ZAR to checking,Transfer money,1627.0,checking
Check my balance,Check balance,,
Pay 1339 ZAR for water,Pay bill,1339.0,water
I want to send 61 ZAR to David,Send money,61.0,David
Send 6876 ZAR to investment,Transfer money,6876.0,investment
Check my balance,Check balance,,
Move 9333 ZAR to checking,Transfer money,9333.0,checking
Apply for a loan of 23822 ZAR,Apply for loan,23822.0,
Transfer 4814 ZAR to my investment,Transfer money,4814.0,investment
I want to borrow 47404 ZAR,Apply for loan,47404.0,
What is my loan balance?,Check loan,,
Transfer 5341 ZAR to my checking,Transfer money,5341.0,checking
Check my loan status,Check loan,,
Send 895 ZAR to savings,Transfer money,895.0,savings
Check my balance,Check balance,,
How much do I owe on my loan?,Check loan,,
How much money do I have?,Check balance,,
Transfer 2338 ZAR to David,Send money,2338.0,David
I want to borrow 35109 ZAR,Apply for loan,35109.0,
Transfer 8180 ZAR to my checking,Transfer money,8180.0,checking
Apply for a loan of 15190 ZAR,Apply for loan,15190.0,
What is my loan balance?,Check loan,,
I need to pay 641 ZAR for my rent,Pay bill,641.0,rent
I want to send 9948 ZAR to David,Send money,9948.0,David
Transfer 9114 ZAR to my investment,Transfer money,9114.0,investment
I need to pay 201 ZAR for my phone,Pay bill,201.0,phone
Move 2898 ZAR to checking,Transfer money,2898.0,checking
Pay 3359 ZAR for internet,Pay bill,3359.0,internet
What is my loan balance?,Check loan,,
Pay my rent bill,Pay bill,497.0,rent
Transfer 1926 ZAR to my investment,Transfer money,1926.0,investment
How much do I owe on my loan?,Check loan,,
I need to pay 4903 ZAR for my internet,Pay bill,4903.0,internet
Move 1526 ZAR to checking,Transfer money,1526.0,checking
I want to send 8389 ZAR to Jane,Send money,8389.0,Jane
I need to pay 493 ZAR for my phone,Pay bill,493.0,phone
Send 5392 ZAR to Emma,Send money,5392.0,Emma
Move 2326 ZAR to investment,Transfer money,2326.0,investment
Pay my internet bill,Pay bill,256.0,internet
I want to send 6523 ZAR to Emma,Send money,6523.0,Emma
Can I get a loan for 22694 ZAR?,Apply for loan,22694.0,
Send 3816 ZAR to Emma,Send money,3816.0,Emma
What is my current balance?,Check balance,,
Check my loan status,Check loan,,
Can I get a loan for 33660 ZAR?,Apply for loan,33660.0,
I need to pay 3161 ZAR for my water,Pay bill,3161.0,water
Pay my electricity bill,Pay bill,1384.0,electricity
How much do I owe on my loan?,Check loan,,
Transfer 7013 ZAR to David,Send money,7013.0,David
Check my balance,Check balance,,
Check my loan status,Check loan,,
What is my loan balance?,Check loan,,
Apply for a loan of 34158 ZAR,Apply for loan,34158.0,
What is my current balance?,Check balance,,
Pay my phone bill,Pay bill,2633.0,phone
Send 7173 ZAR to John,Send money,7173.0,John
How much money do I have?,Check balance,,
I want to borrow 32454 ZAR,Apply for loan,32454.0,
I want to borrow 8735 ZAR,Apply for loan,8735.0,
I want to send 3547 ZAR to Mike,Send money,3547.0,Mike
How much money do I have?,Check balance,,
How much do I owe on my loan?,Check loan,,
Check my balance,Check balance,,
Send 5272 ZAR to John,Send money,5272.0,John
Send 7252 ZAR to investment,Transfer money,7252.0,investment
Transfer 4072 ZAR to my checking,Transfer money,4072.0,checking
Can I get a loan for 45700 ZAR?,Apply for loan,45700.0,
How much do I owe on my loan?,Check loan,,
What is my current balance?,Check balance,,
Transfer 1078 ZAR to Sarah,Send money,1078.0,Sarah
What is my loan balance?,Check loan,,
How much money do I have?,Check balance,,
Can I get a loan for 21255 ZAR?,Apply for loan,21255.0,
Transfer 1750 ZAR to my savings,Transfer money,1750.0,savings
Apply for a loan of 19499 ZAR,Apply for loan,19499.0,
Transfer 9889 ZAR to David,Send money,9889.0,David
How much money do I have?,Check balance,,
What is my loan balance?,Check loan,,
How much do I owe on my loan?,Check loan,,
What is my loan balance?,Check loan,,
Transfer 8243 ZAR to Mike,Send money,8243.0,Mike
Transfer 3099 ZAR to Jane,Send money,3099.0,Jane
Send 4622 ZAR to checking,Transfer money,4622.0,checking
Transfer 4682 ZAR to Sarah,Send money,4682.0,Sarah
How much do I owe on my loan?,Check loan,,
Move 3901 ZAR to savings,Transfer money,3901.0,savings
I want to borrow 48440 ZAR,Apply for loan,48440.0,
What is my loan balance?,Check loan,,
Transfer 9142 ZAR to Jane,Send money,9142.0,Jane
Transfer 8980 ZAR to my checking,Transfer money,8980.0,checking
Transfer 9213 ZAR to Mike,Send money,9213.0,Mike
Transfer 2795 ZAR to my savings,Transfer money,2795.0,savings
Can I get a loan for 29512 ZAR?,Apply for loan,29512.0,
What is my current balance?,Check balance,,
Check my balance,Check balance,,
Send 431 ZAR to checking,Transfer money,431.0,checking
Check my loan status,Check loan,,
How much do I owe on my loan?,Check loan,,
What is my current balance?,Check balance,,
What is my current balance?,Check balance,,
I want to send 3519 ZAR to Sarah,Send money,3519.0,Sarah
Apply for a loan of 24232 ZAR,Apply for loan,24232.0,
Apply for a loan of 11763 ZAR,Apply for loan,11763.0,
What is my loan balance?,Check loan,,
Transfer 5957 ZAR to Mike,Send money,5957.0,Mike
What is my loan balance?,Check loan,,
Pay 4363 ZAR for phone,Pay bill,4363.0,phone
Check my balance,Check balance,,
Pay my internet bill,Pay bill,770.0,internet
Can I get a loan for 44988 ZAR?,Apply for loan,44988.0,
Check my balance,Check balance,,
I want to borrow 7044 ZAR,Apply for loan,7044.0,
I want to borrow 11588 ZAR,Apply for loan,11588.0,
Send 6549 ZAR to Mike,Send money,6549.0,Mike
I need to pay 2772 ZAR for my water,Pay bill,2772.0,water
Check my balance,Check balance,,
I want to send 4257 ZAR to Jane,Send money,4257.0,Jane
Check my balance,Check balance,,
Send 1962 ZAR to checking,Transfer money,1962.0,checking
Send 9981 ZAR to checking,Transfer money,9981.0,checking
Can I get a loan for 32915 ZAR?,Apply for loan,32915.0,
I want to borrow 37671 ZAR,Apply for loan,37671.0,
Apply for a loan of 22594 ZAR,Apply for loan,22594.0,
Send 8738 ZAR to Mike,Send money,8738.0,Mike
I want to send 3252 ZAR to Sarah,Send money,3252.0,Sarah
Send 8126 ZAR to Mike,Send money,8126.0,Mike
Pay my phone bill,Pay bill,3590.0,phone
Transfer 7301 ZAR to my investment,Transfer money,7301.0,investment
How much do I owe on my loan?,Check loan,,
Transfer 5999 ZAR to David,Send money,5999.0,David
Can I get a loan for 36566 ZAR?,Apply for loan,36566.0,
Can I get a loan for 44551 ZAR?,Apply for loan,44551.0,
Pay 3043 ZAR for rent,Pay bill,3043.0,rent
Check my loan status,Check loan,,
Send 2530 ZAR to John,Send money,2530.0,John
Transfer 6419 ZAR to John,Send money,6419.0,John
What is my loan balance?,Check loan,,
Apply for a loan of 28129 ZAR,Apply for loan,28129.0,
Pay my internet bill,Pay bill,977.0,internet
What is my loan balance?,Check loan,,
How much do I owe on my loan?,Check loan,,
I need to pay 4823 ZAR for my electricity,Pay bill,4823.0,electricity
Pay 3537 ZAR for water,Pay bill,3537.0,water
I need to pay 806 ZAR for my water,Pay bill,806.0,water
Pay my internet bill,Pay bill,661.0,internet
Pay my rent bill,Pay bill,2541.0,rent
Apply for a loan of 35881 ZAR,Apply for loan,35881.0,
Pay 3283 ZAR for rent,Pay bill,3283.0,rent
I need to pay 242 ZAR for my internet,Pay bill,242.0,internet
How much do I owe on my loan?,Check loan,,
How much do I owe on my loan?,Check loan,,
Pay my internet bill,Pay bill,545.0,internet
Transfer 2557 ZAR to Sarah,Send money,2557.0,Sarah
What is my loan balance?,Check loan,,
Pay 2479 ZAR for electricity,Pay bill,2479.0,electricity
Transfer 3142 ZAR to my savings,Transfer money,3142.0,savings
Check my loan status,Check loan,,
What is my loan balance?,Check loan,,
Apply for a loan of 21312 ZAR,Apply for loan,21312.0,
Send 6611 ZAR to savings,Transfer money,6611.0,savings
Check my loan status,Check loan,,
Can I get a loan for 11737 ZAR?,Apply for loan,11737.0,
I want to borrow 20514 ZAR,Apply for loan,20514.0,
Can I get a loan for 19368 ZAR?,Apply for loan,19368.0,
Check my balance,Check balance,,
Move 641 ZAR to checking,Transfer money,641.0,checking
Pay my water bill,Pay bill,452.0,water
How much money do I have?,Check balance,,
Can I get a loan for 6547 ZAR?,Apply for loan,6547.0,
Send 6312 ZAR to Mike,Send money,6312.0,Mike
I need to pay 4726 ZAR for my internet,Pay bill,4726.0,internet
I want to borrow 27697 ZAR,Apply for loan,27697.0,
Send 1812 ZAR to Sarah,Send money,1812.0,Sarah
Transfer 7095 ZAR to David,Send money,7095.0,David
What is my current balance?,Check balance,,
Move 5180 ZAR to investment,Transfer money,5180.0,investment
Pay 240 ZAR for rent,Pay bill,240.0,rent
Pay 1535 ZAR for internet,Pay bill,1535.0,internet
Transfer 8875 ZAR to my investment,Transfer money,8875.0,investment
Can I get a loan for 27347 ZAR?,Apply for loan,27347.0,
I want to send 1283 ZAR to David,Send money,1283.0,David
Transfer 3813 ZAR to my savings,Transfer money,3813.0,savings
Transfer 3789 ZAR to Jane,Send money,3789.0,Jane
What is my current balance?,Check balance,,
What is my current balance?,Check balance,,
Send 4868 ZAR to investment,Transfer money,4868.0,investment
What is my current balance?,Check balance,,
Transfer 7200 ZAR to my savings,Transfer money,7200.0,savings
Check my loan status,Check loan,,
Send 6873 ZAR to checking,Transfer money,6873.0,checking
I need to pay 1094 ZAR for my water,Pay bill,1094.0,water
Transfer 9397 ZAR to Sarah,Send money,9397.0,Sarah
Apply for a loan of 41306 ZAR,Apply for loan,41306.0,
Move 1521 ZAR to savings,Transfer money,1521.0,savings
What is my current balance?,Check balance,,
How much do I owe on my loan?,Check loan,,
I want to send 5312 ZAR to David,Send money,5312.0,David
Send 4700 ZAR to Emma,Send money,4700.0,Emma
Send 4610 ZAR to Jane,Send money,4610.0,Jane
Move 3269 ZAR to savings,Transfer money,3269.0,savings
What is my current balance?,Check balance,,
I want to send 7354 ZAR to Emma,Send money,7354.0,Emma
Apply for a loan of 37950 ZAR,Apply for loan,37950.0,
Transfer 2505 ZAR to my savings,Transfer money,2505.0,savings
Send 2564 ZAR to checking,Transfer money,2564.0,checking
Transfer 3888 ZAR to my checking,Transfer money,3888.0,checking
Send 1010 ZAR to Emma,Send money,1010.0,Emma
How much money do I have?,Check balance,,
I want to send 396 ZAR to Mike,Send money,396.0,Mike
I want to send 2620 ZAR to Sarah,Send money,2620.0,Sarah
I want to send 2008 ZAR to Mike,Send money,2008.0,Mike
Move 705 ZAR to investment,Transfer money,705.0,investment
Check my loan status,Check loan,,
Apply for a loan of 43318 ZAR,Apply for loan,43318.0,
Send 4157 ZAR to savings,Transfer money,4157.0,savings
Can I get a loan for 38183 ZAR?,Apply for loan,38183.0,
Transfer 6989 ZAR to David,Send money,6989.0,David
How much money do I have?,Check balance,,
Check my balance,Check balance,,
How much money do I have?,Check balance,,
I want to borrow 29455 ZAR,Apply for loan,29455.0,
Send 3779 ZAR to investment,Transfer money,3779.0,investment
How much money do I have?,Check balance,,
Apply for a loan of 11726 ZAR,Apply for loan,11726.0,
Pay my phone bill,Pay bill,2036.0,phone
How much do I owe on my loan?,Check loan,,
I need to pay 3595 ZAR for my electricity,Pay bill,3595.0,electricity
Send 1345 ZAR to John,Send money,1345.0,John
What is my current balance?,Check balance,,
Check my loan status,Check loan,,
What is my loan balance?,Check loan,,
Move 3813 ZAR to checking,Transfer money,3813.0,checking
Check my loan status,Check loan,,
Can I get a loan for 29364 ZAR?,Apply for loan,29364.0,
Transfer 1062 ZAR to Sarah,Send money,1062.0,Sarah
Can I get a loan for 42829 ZAR?,Apply for loan,42829.0,
I want to borrow 30715 ZAR,Apply for loan,30715.0,
Transfer 5663 ZAR to Jane,Send money,5663.0,Jane
Transfer 5417 ZAR to David,Send money,5417.0,David
Apply for a loan of 14683 ZAR,Apply for loan,14683.0,
Check my loan status,Check loan,,
What is my current balance?,Check balance,,
Check my balance,Check balance,,
What is my loan balance?,Check loan,,
What is my loan balance?,Check loan,,
What is my current balance?,Check balance,,
How much money do I have?,Check balance,,
Check my loan status,Check loan,,
Check my loan status,Check loan,,
Check my loan status,Check loan,,
Transfer 9111 ZAR to my savings,Transfer money,9111.0,savings
Send 1792 ZAR to Emma,Send money,1792.0,Emma
What is my loan balance?,Check loan,,
Check my balance,Check balance,,
What is my current balance?,Check balance,,
Transfer 8709 ZAR to Jane,Send money,8709.0,Jane
What is my loan balance?,Check loan,,
How much do I owe on my loan?,Check loan,,
Pay 2248 ZAR for electricity,Pay bill,2248.0,electricity
Move 2020 ZAR to savings,Transfer money,2020.0,savings
Send 3436 ZAR to Sarah,Send money,3436.0,Sarah
I need to pay 2651 ZAR for my electricity,Pay bill,2651.0,electricity
Move 8866 ZAR to investment,Transfer money,8866.0,investment
Can I get a loan for 31683 ZAR?,Apply for loan,31683.0,
Move 6355 ZAR to investment,Transfer money,6355.0,investment
Check my balance,Check balance,,
How much do I owe on my loan?,Check loan,,
How much money do I have?,Check balance,,
Check my loan status,Check loan,,
Send 9093 ZAR to investment,Transfer money,9093.0,investment
Apply for a loan of 45880 ZAR,Apply for loan,45880.0,
I need to pay 2745 ZAR for my internet,Pay bill,2745.0,internet
Move 8840 ZAR to investment,Transfer money,8840.0,investment
What is my current balance?,Check balance,,
Pay my water bill,Pay bill,1535.0,water
Send 482 ZAR to investment,Transfer money,482.0,investment
Move 7884 ZAR to investment,Transfer money,7884.0,investment
Check my balance,Check balance,,
Check my balance,Check balance,,
Send 1323 ZAR to Jane,Send money,1323.0,Jane
Send 7344 ZAR to investment,Transfer money,7344.0,investment
What is my current balance?,Check balance,,
Transfer 2667 ZAR to Jane,Send money,2667.0,Jane
Pay 3314 ZAR for electricity,Pay bill,3314.0,electricity
Check my balance,Check balance,,
What is my loan balance?,Check loan,,
Pay my phone bill,Pay bill,2551.0,phone
Check my balance,Check balance,,
Apply for a loan of 42700 ZAR,Apply for loan,42700.0,
How much do I owe on my loan?,Check loan,,
How much do I owe on my loan?,Check loan,,
I want to borrow 6954 ZAR,Apply for loan,6954.0,
I want to borrow 27618 ZAR,Apply for loan,27618.0,
I want to borrow 9670 ZAR,Apply for loan,9670.0,
Pay 3047 ZAR for internet,Pay bill,3047.0,internet
Can I get a loan for 42184 ZAR?,Apply for loan,42184.0,
Transfer 6438 ZAR to Emma,Send money,6438.0,Emma
Transfer 5327 ZAR to my investment,Transfer money,5327.0,investment
Send 578 ZAR to David,Send money,578.0,David
What is my loan balance?,Check loan,,
Pay my phone bill,Pay bill,952.0,phone
Transfer 7970 ZAR to David,Send money,7970.0,David
Transfer 3734 ZAR to my savings,Transfer money,3734.0,savings
I want to borrow 28518 ZAR,Apply for loan,28518.0,
What is my current balance?,Check balance,,
Check my balance,Check balance,,
I want to borrow 39488 ZAR,Apply for loan,39488.0,
What is my loan balance?,Check loan,,
I need to pay 3315 ZAR for my rent,Pay bill,3315.0,rent
Send 8064 ZAR to savings,Transfer money,8064.0,savings
What is my current balance?,Check balance,,
Check my balance,Check balance,,
Pay my rent bill,Pay bill,3984.0,rent
How much money do I have?,Check balance,,
How much do I owe on my loan?,Check loan,,
Send 9955 ZAR to Emma,Send money,9955.0,Emma
How much do I owe on my loan?,Check loan,,
I need to pay 2456 ZAR for my water,Pay bill,2456.0,water
How much money do I have?,Check balance,,
How much do I owe on my loan?,Check loan,,
What is my current balance?,Check balance,,
Check my balance,Check balance,,
Apply for a loan of 14265 ZAR,Apply for loan,14265.0,
How much do I owe on my loan?,Check loan,,
Pay my internet bill,Pay bill,2720.0,internet
How much money do I have?,Check balance,,
Apply for a loan of 7450 ZAR,Apply for loan,7450.0,
I need to pay 834 ZAR for my internet,Pay bill,834.0,internet
What is my current balance?,Check balance,,
Pay 4349 ZAR for internet,Pay bill,4349.0,internet
I want to send 7244 ZAR to David,Send money,7244.0,David
Send 7662 ZAR to Sarah,Send money,7662.0,Sarah
What is my current balance?,Check balance,,
Transfer 2311 ZAR to Sarah,Send money,2311.0,Sarah
Pay my electricity bill,Pay bill,998.0,electricity
Send 5794 ZAR to savings,Transfer money,5794.0,savings
Pay my phone bill,Pay bill,1866.0,phone
What is my current balance?,Check balance,,
How much money do I have?,Check balance,,
Apply for a loan of 17250 ZAR,Apply for loan,17250.0,
I need to pay 3134 ZAR for my internet,Pay bill,3134.0,internet
What is my current balance?,Check balance,,
Check my balance,Check balance,,
What is my current balance?,Check balance,,
What is my loan balance?,Check loan,,
Pay my internet bill,Pay bill,3696.0,internet
What is my current balance?,Check balance,,
I want to send 7141 ZAR to Jane,Send money,7141.0,Jane
Can I get a loan for 12835 ZAR?,Apply for loan,12835.0,
Can I get a loan for 7577 ZAR?,Apply for loan,7577.0,
Apply for a loan of 20329 ZAR,Apply for loan,20329.0,
Move 7085 ZAR to savings,Transfer money,7085.0,savings
Transfer 4726 ZAR to Jane,Send money,4726.0,Jane
Pay my phone bill,Pay bill,1030.0,phone
I need to pay 273 ZAR for my water,Pay bill,273.0,water
Check my loan status,Check loan,,
Transfer 3692 ZAR to Emma,Send money,3692.0,Emma
Transfer 3343 ZAR to Emma,Send money,3343.0,Emma
Pay 517 ZAR for water,Pay bill,517.0,water
Pay my rent bill,Pay bill,1309.0,rent
I need to pay 2745 ZAR for my internet,Pay bill,2745.0,internet
How much money do I have?,Check balance,,
What is my loan balance?,Check loan,,
Can I get a loan for 14924 ZAR?,Apply for loan,14924.0,
How much do I owe on my loan?,Check loan,,
How much do I owe on my loan?,Check loan,,
Check my loan status,Check loan,,
Check my loan status,Check loan,,
Check my loan status,Check loan,,
I want to send 3758 ZAR to Sarah,Send money,3758.0,Sarah
What is my current balance?,Check balance,,
Can I get a loan for 45055 ZAR?,Apply for loan,45055.0,
Pay 4326 ZAR for rent,Pay bill,4326.0,rent
Apply for a loan of 25201 ZAR,Apply for loan,25201.0,
I need to pay 1013 ZAR for my rent,Pay bill,1013.0,rent
Pay my rent bill,Pay bill,2973.0,rent
I need to pay 1057 ZAR for my internet,Pay bill,1057.0,internet
Transfer 8770 ZAR to David,Send money,8770.0,David
Pay 3292 ZAR for water,Pay bill,3292.0,water
Apply for a loan of 43520 ZAR,Apply for loan,43520.0,
Transfer 2346 ZAR to David,Send money,2346.0,David
I need to pay 785 ZAR for my rent,Pay bill,785.0,rent
Check my loan status,Check loan,,
Send 5713 ZAR to John,Send money,5713.0,John
What is my current balance?,Check balance,,
What is my current balance?,Check balance,,
How much money do I have?,Check balance,,
Can I get a loan for 2926 ZAR?,Apply for loan,2926.0,
Transfer 8623 ZAR to my checking,Transfer money,8623.0,checking
Move 6510 ZAR to savings,Transfer money,6510.0,savings
Transfer 427 ZAR to Jane,Send money,427.0,Jane
Pay my internet bill,Pay bill,3388.0,internet
How much money do I have?,Check balance,,
Send 4187 ZAR to Sarah,Send money,4187.0,Sarah
Send 2069 ZAR to Emma,Send money,2069.0,Emma
Check my loan status,Check loan,,
Send 3860 ZAR to investment,Transfer money,3860.0,investment
Apply for a loan of 31372 ZAR,Apply for loan,31372.0,
Check my balance,Check balance,,
How much do I owe on my loan?,Check loan,,
Apply for a loan of 2869 ZAR,Apply for loan,2869.0,
Check my loan status,Check loan,,
I want to borrow 31934 ZAR,Apply for loan,31934.0,
I need to pay 4661 ZAR for my electricity,Pay bill,4661.0,electricity
Transfer 5899 ZAR to Sarah,Send money,5899.0,Sarah
Pay my rent bill,Pay bill,3365.0,rent
Check my loan status,Check loan,,
Pay 1698 ZAR for internet,Pay bill,1698.0,internet
I need to pay 1407 ZAR for my internet,Pay bill,1407.0,internet
Check my loan status,Check loan,,
What is my loan balance?,Check loan,,
Apply for a loan of 4606 ZAR,Apply for loan,4606.0,
What is my current balance?,Check balance,,
I want to borrow 13254 ZAR,Apply for loan,13254.0,
How much do I owe on my loan?,Check loan,,
Check my balance,Check balance,,
Pay my electricity bill,Pay bill,4912.0,electricity
Send 4885 ZAR to Sarah,Send money,4885.0,Sarah
How much do I owe on my loan?,Check loan,,
Can I get a loan for 28788 ZAR?,Apply for loan,28788.0,
I want to send 9905 ZAR to Emma,Send money,9905.0,Emma
Check my balance,Check balance,,
I want to borrow 42663 ZAR,Apply for loan,42663.0,
How much money do I have?,Check balance,,
How much do I owe on my loan?,Check loan,,
What is my current balance?,Check balance,,
I need to pay 4882 ZAR for my electricity,Pay bill,4882.0,electricity
Transfer 645 ZAR to my investment,Transfer money,645.0,investment
Pay 2216 ZAR for phone,Pay bill,2216.0,phone
I want to borrow 2684 ZAR,Apply for loan,2684.0,
Pay 1285 ZAR for phone,Pay bill,1285.0,phone
Pay my water bill,Pay bill,620.0,water
I want to borrow 29831 ZAR,Apply for loan,29831.0,
How much do I owe on my loan?,Check loan,,
How much money do I have?,Check balance,,
Move 7706 ZAR to investment,Transfer money,7706.0,investment
Pay 3073 ZAR for phone,Pay bill,3073.0,phone
Send 9042 ZAR to Sarah,Send money,9042.0,Sarah
Check my balance,Check balance,,
Check my balance,Check balance,,
Pay my phone bill,Pay bill,1517.0,phone
Check my loan status,Check loan,,
How much money do I have?,Check balance,,
Send 3156 ZAR to investment,Transfer money,3156.0,investment
Pay my internet bill,Pay bill,1298.0,internet
Move 4664 ZAR to investment,Transfer money,4664.0,investment
Transfer 3704 ZAR to my savings,Transfer money,3704.0,savings
What is my loan balance?,Check loan,,
Check my balance,Check balance,,
Move 1477 ZAR to checking,Transfer money,1477.0,checking
Check my balance,Check balance,,
Check my loan status,Check loan,,
I need to pay 801 ZAR for my rent,Pay bill,801.0,rent
How much do I owe on my loan?,Check loan,,
Check my loan status,Check loan,,
Can I get a loan for 9366 ZAR?,Apply for loan,9366.0,
Check my loan status,Check loan,,
I want to borrow 27525 ZAR,Apply for loan,27525.0,
Move 1183 ZAR to savings,Transfer money,1183.0,savings
Send 2149 ZAR to John,Send money,2149.0,John
What is my loan balance?,Check loan,,
I want to borrow 22725 ZAR,Apply for loan,22725.0,
Transfer 8704 ZAR to my checking,Transfer money,8704.0,checking
What is my loan balance?,Check loan,,
Check my loan status,Check loan,,
What is my loan balance?,Check loan,,
Pay 1485 ZAR for internet,Pay bill,1485.0,internet
Check my balance,Check balance,,
Pay my rent bill,Pay bill,1490.0,rent
Pay my electricity bill,Pay bill,4674.0,electricity
Can I get a loan for 9435 ZAR?,Apply for loan,9435.0,
Send 5896 ZAR to John,Send money,5896.0,John
What is my current balance?,Check balance,,
Send 4993 ZAR to Jane,Send money,4993.0,Jane
I want to send 5959 ZAR to Emma,Send money,5959.0,Emma
Send 5553 ZAR to checking,Transfer money,5553.0,checking
Pay 1653 ZAR for phone,Pay bill,1653.0,phone
Move 3476 ZAR to investment,Transfer money,3476.0,investment
How much do I owe on my loan?,Check loan,,
Transfer 880 ZAR to Emma,Send money,880.0,Emma
I need to pay 2030 ZAR for my phone,Pay bill,2030.0,phone
Send 4524 ZAR to John,Send money,4524.0,John
Check my balance,Check balance,,
What is my loan balance?,Check loan,,
Check my loan status,Check loan,,
Can I get a loan for 28071 ZAR?,Apply for loan,28071.0,
Can I get a loan for 15037 ZAR?,Apply for loan,15037.0,
How much do I owe on my loan?,Check loan,,
Can I get a loan for 40717 ZAR?,Apply for loan,40717.0,
Can I get a loan for 4117 ZAR?,Apply for loan,4117.0,
Check my balance,Check balance,,
How much money do I have?,Check balance,,
What is my loan balance?,Check loan,,
I need to pay 2089 ZAR for my electricity,Pay bill,2089.0,electricity
What is my current balance?,Check balance,,
I want to borrow 29946 ZAR,Apply for loan,29946.0,
Transfer 2489 ZAR to my checking,Transfer money,2489.0,checking
Send 3247 ZAR to investment,Transfer money,3247.0,investment
Pay my internet bill,Pay bill,2361.0,internet
Pay my phone bill,Pay bill,4578.0,phone
Transfer 2598 ZAR to my investment,Transfer money,2598.0,investment
Check my balance,Check balance,,
Pay my phone bill,Pay bill,3189.0,phone
How much do I owe on my loan?,Check loan,,
Move 8828 ZAR to savings,Transfer money,8828.0,savings
Check my balance,Check balance,,
I need to pay 1036 ZAR for my phone,Pay bill,1036.0,phone
Send 3613 ZAR to checking,Transfer money,3613.0,checking
Transfer 2599 ZAR to my investment,Transfer money,2599.0,investment
What is my loan balance?,Check loan,,
How much do I owe on my loan?,Check loan,,
How much do I owe on my loan?,Check loan,,
I need to pay 3922 ZAR for my internet,Pay bill,3922.0,internet
I want to send 8604 ZAR to Jane,Send money,8604.0,Jane
I want to send 4078 ZAR to Sarah,Send money,4078.0,Sarah
How much money do I have?,Check balance,,
How much do I owe on my loan?,Check loan,,
What is my current balance?,Check balance,,
I want to borrow 36651 ZAR,Apply for loan,36651.0,
How much do I owe on my loan?,Check loan,,
I want to borrow 30001 ZAR,Apply for loan,30001.0,
Transfer 846 ZAR to Jane,Send money,846.0,Jane
Pay 2530 ZAR for phone,Pay bill,2530.0,phone
Apply for a loan of 26623 ZAR,Apply for loan,26623.0,
Check my balance,Check balance,,
I need to pay 3577 ZAR for my water,Pay bill,3577.0,water
Transfer 3456 ZAR to Mike,Send money,3456.0,Mike
How much money do I have?,Check balance,,
Check my loan status,Check loan,,
Check my loan status,Check loan,,
Pay 3868 ZAR for electricity,Pay bill,3868.0,electricity
Move 5711 ZAR to investment,Transfer money,5711.0,investment
Pay my phone bill,Pay bill,2068.0,phone
Transfer 1726 ZAR to my investment,Transfer money,1726.0,investment
Check my balance,Check balance,,
What is my loan balance?,Check loan,,
What is my current balance?,Check balance,,
Apply for a loan of 7657 ZAR,Apply for loan,7657.0,
What is my loan balance?,Check loan,,
I need to pay 1156 ZAR for my rent,Pay bill,1156.0,rent
Send 4325 ZAR to David,Send money,4325.0,David
Move 8532 ZAR to savings,Transfer money,8532.0,savings
What is my current balance?,Check balance,,
Move 4781 ZAR to checking,Transfer money,4781.0,checking
Pay 756 ZAR for electricity,Pay bill,756.0,electricity
What is my current balance?,Check balance,,
Move 9197 ZAR to investment,Transfer money,9197.0,investment
Transfer 4859 ZAR to Sarah,Send money,4859.0,Sarah
Check my balance,Check balance,,
How much do I owe on my loan?,Check loan,,
Apply for a loan of 45901 ZAR,Apply for loan,45901.0,
Can I get a loan for 35717 ZAR?,Apply for loan,35717.0,
What is my current balance?,Check balance,,
What is my loan balance?,Check loan,,
Pay 2746 ZAR for water,Pay bill,2746.0,water
How much money do I have?,Check balance,,
Transfer 5247 ZAR to Jane,Send money,5247.0,Jane
Pay 1897 ZAR for phone,Pay bill,1897.0,phone
Apply for a loan of 13739 ZAR,Apply for loan,13739.0,
Pay my water bill,Pay bill,1445.0,water
Move 5744 ZAR to investment,Transfer money,5744.0,investment
Can I get a loan for 44988 ZAR?,Apply for loan,44988.0,
I want to send 2454 ZAR to Jane,Send money,2454.0,Jane
Move 5772 ZAR to checking,Transfer money,5772.0,checking
Apply for a loan of 37718 ZAR,Apply for loan,37718.0,
Send 5097 ZAR to David,Send money,5097.0,David
Check my balance,Check balance,,
How much do I owe on my loan?,Check loan,,
What is my current balance?,Check balance,,
Send 5423 ZAR to checking,Transfer money,5423.0,checking
What is my current balance?,Check balance,,
Send 1649 ZAR to checking,Transfer money,1649.0,checking
Send 9466 ZAR to savings,Transfer money,9466.0,savings
Transfer 7230 ZAR to my investment,Transfer money,7230.0,investment
I need to pay 540 ZAR for my rent,Pay bill,540.0,rent
How much money do I have?,Check balance,,
What is my current balance?,Check balance,,
How much money do I have?,Check balance,,
Send 1639 ZAR to savings,Transfer money,1639.0,savings
Apply for a loan of 9219 ZAR,Apply for loan,9219.0,
What is my loan balance?,Check loan,,
How much do I owe on my loan?,Check loan,,
Move 6853 ZAR to investment,Transfer money,6853.0,investment
Send 9071 ZAR to checking,Transfer money,9071.0,checking
Check my loan status,Check loan,,
Can I get a loan for 10057 ZAR?,Apply for loan,10057.0,
Send 4716 ZAR to investment,Transfer money,4716.0,investment
Send 2213 ZAR to investment,Transfer money,2213.0,investment
Send 4887 ZAR to savings,Transfer money,4887.0,savings
I want to borrow 37454 ZAR,Apply for loan,37454.0,
Pay my internet bill,Pay bill,901.0,internet
I want to send 8996 ZAR to David,Send money,8996.0,David
Transfer 9135 ZAR to Mike,Send money,9135.0,Mike
What is my current balance?,Check balance,,
What is my current balance?,Check balance,,
Pay my electricity bill,Pay bill,1553.0,electricity
Transfer 1706 ZAR to David,Send money,1706.0,David
Pay my electricity bill,Pay bill,1330.0,electricity
Send 7777 ZAR to David,Send money,7777.0,David
How much do I owe on my loan?,Check loan,,
Check my loan status,Check loan,,
Check my loan status,Check loan,,
I need to pay 1741 ZAR for my phone,Pay bill,1741.0,phone
Check my balance,Check balance,,
Pay my internet bill,Pay bill,4792.0,internet
How much do I owe on my loan?,Check loan,,
Check my loan status,Check loan,,
Pay my electricity bill,Pay bill,3569.0,electricity
Apply for a loan of 10101 ZAR,Apply for loan,10101.0,
How much do I owe on my loan?,Check loan,,
I need to pay 2177 ZAR for my water,Pay bill,2177.0,water
Transfer 823 ZAR to David,Send money,823.0,David
I want to borrow 18668 ZAR,Apply for loan,18668.0,
Check my loan status,Check loan,,
Move 9285 ZAR to savings,Transfer money,9285.0,savings
Transfer 8096 ZAR to my savings,Transfer money,8096.0,savings
Send 4697 ZAR to Jane,Send money,4697.0,Jane
Transfer 5512 ZAR to Sarah,Send money,5512.0,Sarah
Check my loan status,Check loan,,
Send 1383 ZAR to Emma,Send money,1383.0,Emma
Pay my water bill,Pay bill,180.0,water
Move 5692 ZAR to investment,Transfer money,5692.0,investment
I want to send 4191 ZAR to Jane,Send money,4191.0,Jane
How much do I owe on my loan?,Check loan,,
Transfer 5924 ZAR to my investment,Transfer money,5924.0,investment
What is my current balance?,Check balance,,
What is my loan balance?,Check loan,,
How much do I owe on my loan?,Check loan,,
What is my loan balance?,Check loan,,
Send 3612 ZAR to Emma,Send money,3612.0,Emma
Check my loan status,Check loan,,
Check my balance,Check balance,,
Transfer 1685 ZAR to my checking,Transfer money,1685.0,checking
What is my current balance?,Check balance,,
Send 8526 ZAR to savings,Transfer money,8526.0,savings
Can I get a loan for 14217 ZAR?,Apply for loan,14217.0,
Send 3336 ZAR to Jane,Send money,3336.0,Jane
Move 7701 ZAR to checking,Transfer money,7701.0,checking
Send 9093 ZAR to investment,Transfer money,9093.0,investment
How much money do I have?,Check balance,,
Transfer 3261 ZAR to Mike,Send money,3261.0,Mike
I need to pay 3999 ZAR for my phone,Pay bill,3999.0,phone
I want to borrow 5394 ZAR,Apply for loan,5394.0,
Send 114 ZAR to Jane,Send money,114.0,Jane
Send 3715 ZAR to Sarah,Send money,3715.0,Sarah
Can I get a loan for 37437 ZAR?,Apply for loan,37437.0,
Apply for a loan of 35883 ZAR,Apply for loan,35883.0,
How much money do I have?,Check balance,,
What is my loan balance?,Check loan,,
How much do I owe on my loan?,Check loan,,
Pay 4115 ZAR for rent,Pay bill,4115.0,rent
Send 7742 ZAR to Jane,Send money,7742.0,Jane
Can I get a loan for 6423 ZAR?,Apply for loan,6423.0,
Transfer 745 ZAR to my savings,Transfer money,745.0,savings
I want to send 8782 ZAR to Sarah,Send money,8782.0,Sarah
Check my loan status,Check loan,,
What is my current balance?,Check balance,,
Check my balance,Check balance,,
What is my current balance?,Check balance,,
I need to pay 3711 ZAR for my electricity,Pay bill,3711.0,electricity
What is my loan balance?,Check loan,,
Send 6462 ZAR to savings,Transfer money,6462.0,savings
What is my loan balance?,Check loan,,
Transfer 3108 ZAR to Jane,Send money,3108.0,Jane
Pay 3471 ZAR for electricity,Pay bill,3471.0,electricity
How much do I owe on my loan?,Check loan,,
I want to borrow 23969 ZAR,Apply for loan,23969.0,
Apply for a loan of 6877 ZAR,Apply for loan,6877.0,
I need to pay 4114 ZAR for my water,Pay bill,4114.0,water
Apply for a loan of 4811 ZAR,Apply for loan,4811.0,
Send 9084 ZAR to Emma,Send money,9084.0,Emma
I want to borrow 21968 ZAR,Apply for loan,21968.0,
Transfer 6745 ZAR to Jane,Send money,6745.0,Jane
Check my loan status,Check loan,,
Pay my internet bill,Pay bill,3661.0,internet
Move 7452 ZAR to savings,Transfer money,7452.0,savings
Can I get a loan for 7044 ZAR?,Apply for loan,7044.0,
Transfer 1701 ZAR to my checking,Transfer money,1701.0,checking
Pay 2883 ZAR for internet,Pay bill,2883.0,internet
What is my loan balance?,Check loan,,
Pay my electricity bill,Pay bill,2047.0,electricity
Send 777 ZAR to checking,Transfer money,777.0,checking
Can I get a loan for 8431 ZAR?,Apply for loan,8431.0,
I want to borrow 20900 ZAR,Apply for loan,20900.0,
I need to pay 4573 ZAR for my phone,Pay bill,4573.0,phone
How much money do I have?,Check balance,,
I want to borrow 7553 ZAR,Apply for loan,7553.0,
Apply for a loan of 30540 ZAR,Apply for loan,30540.0,
Check my loan status,Check loan,,
How much money do I have?,Check balance,,
Send 3149 ZAR to David,Send money,3149.0,David
Pay my water bill,Pay bill,1709.0,water
How much money do I have?,Check balance,,
Transfer 9453 ZAR to my checking,Transfer money,9453.0,checking
What is my loan balance?,Check loan,,
Check my balance,Check balance,,
Transfer 2851 ZAR to my savings,Transfer money,2851.0,savings
I want to borrow 28755 ZAR,Apply for loan,28755.0,
How much do I owe on my loan?,Check loan,,
How much do I owe on my loan?,Check loan,,
I need to pay 4302 ZAR for my rent,Pay bill,4302.0,rent
I want to send 6573 ZAR to John,Send money,6573.0,John
How much money do I have?,Check balance,,
I want to borrow 46245 ZAR,Apply for loan,46245.0,
Can I get a loan for 31548 ZAR?,Apply for loan,31548.0,
Pay 2322 ZAR for rent,Pay bill,2322.0,rent
How much do I owe on my loan?,Check loan,,
Can I get a loan for 16047 ZAR?,Apply for loan,16047.0,
Pay my phone bill,Pay bill,1037.0,phone
I want to borrow 37976 ZAR,Apply for loan,37976.0,
Move 6127 ZAR to savings,Transfer money,6127.0,savings
How much money do I have?,Check balance,,
Pay my water bill,Pay bill,434.0,water
I need to pay 2929 ZAR for my internet,Pay bill,2929.0,internet
Pay my phone bill,Pay bill,561.0,phone
Can I get a loan for 8310 ZAR?,Apply for loan,8310.0,
Check my balance,Check balance,,
Send 6623 ZAR to Jane,Send money,6623.0,Jane
Transfer 7179 ZAR to Mike,Send money,7179.0,Mike
Check my loan status,Check loan,,
Send 9462 ZAR to Emma,Send money,9462.0,Emma
What is my loan balance?,Check loan,,
Pay my water bill,Pay bill,994.0,water
Transfer 9930 ZAR to Emma,Send money,9930.0,Emma
What is my loan balance?,Check loan,,
Move 8714 ZAR to savings,Transfer money,8714.0,savings
I want to send 7489 ZAR to John,Send money,7489.0,John
Can I get a loan for 20035 ZAR?,Apply for loan,20035.0,
Move 4676 ZAR to checking,Transfer money,4676.0,checking
Transfer 3186 ZAR to my investment,Transfer money,3186.0,investment
Send 4893 ZAR to savings,Transfer money,4893.0,savings
Pay my electricity bill,Pay bill,703.0,electricity
What is my current balance?,Check balance,,
Check my balance,Check balance,,
Send 7498 ZAR to John,Send money,7498.0,John
Pay my water bill,Pay bill,4354.0,water
How much do I owe on my loan?,Check loan,,
How much do I owe on my loan?,Check loan,,
Move 4346 ZAR to investment,Transfer money,4346.0,investment
Apply for a loan of 6197 ZAR,Apply for loan,6197.0,
Apply for a loan of 27594 ZAR,Apply for loan,27594.0,
Can I get a loan for 8737 ZAR?,Apply for loan,8737.0,
Move 6815 ZAR to investment,Transfer money,6815.0,investment
Send 2349 ZAR to John,Send money,2349.0,John
Transfer 5584 ZAR to my savings,Transfer money,5584.0,savings
Pay 3632 ZAR for internet,Pay bill,3632.0,internet
Can I get a loan for 49910 ZAR?,Apply for loan,49910.0,
Check my balance,Check balance,,
I need to pay 4991 ZAR for my phone,Pay bill,4991.0,phone
Pay 2164 ZAR for rent,Pay bill,2164.0,rent
What is my current balance?,Check balance,,
I want to borrow 26999 ZAR,Apply for loan,26999.0,
How much do I owe on my loan?,Check loan,,
What is my loan balance?,Check loan,,
I want to send 5423 ZAR to John,Send money,5423.0,John
What is my current balance?,Check balance,,
What is my loan balance?,Check loan,,
What is my loan balance?,Check loan,,
Pay my electricity bill,Pay bill,167.0,electricity
Send 559 ZAR to David,Send money,559.0,David
I want to send 6818 ZAR to Emma,Send money,6818.0,Emma
I want to send 8328 ZAR to David,Send money,8328.0,David
How much do I owe on my loan?,Check loan,,
I want to borrow 29607 ZAR,Apply for loan,29607.0,
Transfer 4585 ZAR to my checking,Transfer money,4585.0,checking
How much money do I have?,Check balance,,
How much do I owe on my loan?,Check loan,,
I want to borrow 14865 ZAR,Apply for loan,14865.0,
Send 8995 ZAR to savings,Transfer money,8995.0,savings
I need to pay 836 ZAR for my phone,Pay bill,836.0,phone
Send 7150 ZAR to investment,Transfer money,7150.0,investment
I need to pay 2562 ZAR for my water,Pay bill,2562.0,water
Transfer 7322 ZAR to my checking,Transfer money,7322.0,checking
Move 2975 ZAR to savings,Transfer money,2975.0,savings
Apply for a loan of 38401 ZAR,Apply for loan,38401.0,
Check my balance,Check balance,,
Check my balance,Check balance,,
I want to send 9738 ZAR to David,Send money,9738.0,David
Transfer 3647 ZAR to my checking,Transfer money,3647.0,checking
Check my loan status,Check loan,,
Send 8305 ZAR to Jane,Send money,8305.0,Jane
Pay my electricity bill,Pay bill,2232.0,electricity
I want to borrow 7286 ZAR,Apply for loan,7286.0,
What is my loan balance?,Check loan,,
What is my current balance?,Check balance,,
Pay my electricity bill,Pay bill,4950.0,electricity
I want to borrow 47319 ZAR,Apply for loan,47319.0,
Transfer 9992 ZAR to David,Send money,9992.0,David
Check my loan status,Check loan,,
Send 7970 ZAR to John,Send money,7970.0,John
How much money do I have?,Check balance,,
Send 4542 ZAR to investment,Transfer money,4542.0,investment
What is my current balance?,Check balance,,
I want to send 8800 ZAR to Sarah,Send money,8800.0,Sarah
Move 8851 ZAR to checking,Transfer money,8851.0,checking
How much do I owe on my loan?,Check loan,,
What is my loan balance?,Check loan,,
Check my balance,Check balance,,
Transfer 4397 ZAR to Emma,Send money,4397.0,Emma
I want to send 1315 ZAR to Sarah,Send money,1315.0,Sarah
Apply for a loan of 8189 ZAR,Apply for loan,8189.0,
Can I get a loan for 40716 ZAR?,Apply for loan,40716.0,
I want to borrow 24997 ZAR,Apply for loan,24997.0,
Send 4867 ZAR to investment,Transfer money,4867.0,investment
Move 631 ZAR to investment,Transfer money,631.0,investment
Pay my internet bill,Pay bill,177.0,internet
How much do I owe on my loan?,Check loan,,
How much money do I have?,Check balance,,
I want to borrow 17607 ZAR,Apply for loan,17607.0,
Can I get a loan for 25952 ZAR?,Apply for loan,25952.0,
What is my loan balance?,Check loan,,
Pay my phone bill,Pay bill,407.0,phone
I want to borrow 40854 ZAR,Apply for loan,40854.0,
How much money do I have?,Check balance,,
I need to pay 4561 ZAR for my internet,Pay bill,4561.0,internet
Move 8436 ZAR to savings,Transfer money,8436.0,savings
Send 5489 ZAR to checking,Transfer money,5489.0,checking
Pay my electricity bill,Pay bill,3708.0,electricity
Transfer 7526 ZAR to John,Send money,7526.0,John
Check my loan status,Check loan,,
Check my balance,Check balance,,
Transfer 4879 ZAR to my checking,Transfer money,4879.0,checking
I want to send 8160 ZAR to Mike,Send money,8160.0,Mike
Transfer 4590 ZAR to my checking,Transfer money,4590.0,checking
What is my loan balance?,Check loan,,
Send 5442 ZAR to checking,Transfer money,5442.0,checking
How much do I owe on my loan?,Check loan,,
Transfer 1552 ZAR to my checking,Transfer money,1552.0,checking
How much money do I have?,Check balance,,
How much do I owe on my loan?,Check loan,,
Move 7994 ZAR to checking,Transfer money,7994.0,checking
I need to pay 666 ZAR for my electricity,Pay bill,666.0,electricity
How much do I owe on my loan?,Check loan,,
I need to pay 1849 ZAR for my internet,Pay bill,1849.0,internet
Check my loan status,Check loan,,
What is my current balance?,Check balance,,
Check my loan status,Check loan,,
What is my current balance?,Check balance,,
Send 5411 ZAR to savings,Transfer money,5411.0,savings
Check my loan status,Check loan,,
Check my balance,Check balance,,
Send 7759 ZAR to Jane,Send money,7759.0,Jane
Send 1176 ZAR to investment,Transfer money,1176.0,investment
Check my loan status,Check loan,,
Send 7447 ZAR to John,Send money,7447.0,John
Send 9772 ZAR to investment,Transfer money,9772.0,investment
I want to send 9625 ZAR to John,Send money,9625.0,John
What is my loan balance?,Check loan,,
Can I get a loan for 25463 ZAR?,Apply for loan,25463.0,
What is my current balance?,Check balance,,
How much do I owe on my loan?,Check loan,,
How much do I owe on my loan?,Check loan,,
Pay my phone bill,Pay bill,1487.0,phone
Can I get a loan for 28524 ZAR?,Apply for loan,28524.0,
Check my balance,Check balance,,
Can I get a loan for 1073 ZAR?,Apply for loan,1073.0,
Check my balance,Check balance,,
Transfer 3947 ZAR to my savings,Transfer money,3947.0,savings
Send 6327 ZAR to John,Send money,6327.0,John
Send 3128 ZAR to savings,Transfer money,3128.0,savings
Move 6867 ZAR to investment,Transfer money,6867.0,investment
Send 8711 ZAR to David,Send money,8711.0,David
What is my current balance?,Check balance,,
I need to pay 337 ZAR for my electricity,Pay bill,337.0,electricity
Send 1403 ZAR to David,Send money,1403.0,David
Check my balance,Check balance,,
Check my loan status,Check loan,,
Move 813 ZAR to checking,Transfer money,813.0,checking
What is my loan balance?,Check loan,,
Can I get a loan for 28033 ZAR?,Apply for loan,28033.0,
Transfer 650 ZAR to Jane,Send money,650.0,Jane
I want to send 4966 ZAR to John,Send money,4966.0,John
I need to pay 1360 ZAR for my internet,Pay bill,1360.0,internet
Pay my water bill,Pay bill,3310.0,water
I want to borrow 28658 ZAR,Apply for loan,28658.0,
Transfer 7346 ZAR to my savings,Transfer money,7346.0,savings
Transfer 6042 ZAR to my investment,Transfer money,6042.0,investment
Apply for a loan of 24266 ZAR,Apply for loan,24266.0,
Transfer 359 ZAR to my savings,Transfer money,359.0,savings
Apply for a loan of 40880 ZAR,Apply for loan,40880.0,
Can I get a loan for 29395 ZAR?,Apply for loan,29395.0,
Transfer 5121 ZAR to David,Send money,5121.0,David
Check my loan status,Check loan,,
What is my current balance?,Check balance,,
I want to borrow 16364 ZAR,Apply for loan,16364.0,
Apply for a loan of 9351 ZAR,Apply for loan,9351.0,
I want to send 1770 ZAR to Mike,Send money,1770.0,Mike
I want to borrow 5026 ZAR,Apply for loan,5026.0,
Send 2032 ZAR to savings,Transfer money,2032.0,savings
I want to send 9051 ZAR to David,Send money,9051.0,David
Move 9652 ZAR to checking,Transfer money,9652.0,checking
Transfer 2749 ZAR to Emma,Send money,2749.0,Emma
Transfer 3830 ZAR to my investment,Transfer money,3830.0,investment
Pay 2089 ZAR for internet,Pay bill,2089.0,internet
Pay my rent bill,Pay bill,2420.0,rent
Send 2466 ZAR to John,Send money,2466.0,John
How much do I owe on my loan?,Check loan,,
Transfer 6273 ZAR to my checking,Transfer money,6273.0,checking
Apply for a loan of 21719 ZAR,Apply for loan,21719.0,
I want to borrow 1029 ZAR,Apply for loan,1029.0,
I want to borrow 19948 ZAR,Apply for loan,19948.0,
What is my current balance?,Check balance,,
Transfer 221 ZAR to Sarah,Send money,221.0,Sarah
Apply for a loan of 32297 ZAR,Apply for loan,32297.0,
Move 8765 ZAR to savings,Transfer money,8765.0,savings
Can I get a loan for 10994 ZAR?,Apply for loan,10994.0,
What is my current balance?,Check balance,,
What is my loan balance?,Check loan,,
Send 6373 ZAR to checking,Transfer money,6373.0,checking
I want to send 3167 ZAR to John,Send money,3167.0,John
Send 6661 ZAR to David,Send money,6661.0,David
What is my current balance?,Check balance,,
Send 3970 ZAR to savings,Transfer money,3970.0,savings
I want to send 1472 ZAR to Emma,Send money,1472.0,Emma
Pay my phone bill,Pay bill,1349.0,phone
Apply for a loan of 17170 ZAR,Apply for loan,17170.0,
How much do I owe on my loan?,Check loan,,
Send 4976 ZAR to savings,Transfer money,4976.0,savings
I want to send 1802 ZAR to Sarah,Send money,1802.0,Sarah
Move 1123 ZAR to savings,Transfer money,1123.0,savings
Transfer 8390 ZAR to my investment,Transfer money,8390.0,investment
How much money do I have?,Check balance,,
Pay my electricity bill,Pay bill,260.0,electricity
Send 5155 ZAR to savings,Transfer money,5155.0,savings
Transfer 6916 ZAR to my checking,Transfer money,6916.0,checking
I want to send 9807 ZAR to John,Send money,9807.0,John
Transfer 4051 ZAR to my checking,Transfer money,4051.0,checking
I want to borrow 9310 ZAR,Apply for loan,9310.0,
I need to pay 2020 ZAR for my water,Pay bill,2020.0,water
What is my current balance?,Check balance,,
Pay my water bill,Pay bill,2136.0,water
I want to send 5169 ZAR to Mike,Send money,5169.0,Mike
How much do I owe on my loan?,Check loan,,
I need to pay 4437 ZAR for my electricity,Pay bill,4437.0,electricity
I want to borrow 14297 ZAR,Apply for loan,14297.0,
Pay 118 ZAR for phone,Pay bill,118.0,phone
Pay my water bill,Pay bill,2778.0,water
What is my current balance?,Check balance,,
I want to borrow 3671 ZAR,Apply for loan,3671.0,
I want to borrow 37123 ZAR,Apply for loan,37123.0,
Move 9584 ZAR to savings,Transfer money,9584.0,savings
Transfer 1443 ZAR to my checking,Transfer money,1443.0,checking
What is my loan balance?,Check loan,,
Transfer 8259 ZAR to Mike,Send money,8259.0,Mike
Pay my rent bill,Pay bill,714.0,rent
Check my loan status,Check loan,,
I want to borrow 2091 ZAR,Apply for loan,2091.0,
Pay my phone bill,Pay bill,3339.0,phone
Can I get a loan for 33979 ZAR?,Apply for loan,33979.0,
I want to borrow 16617 ZAR,Apply for loan,16617.0,
How much money do I have?,Check balance,,
Check my balance,Check balance,,
How much money do I have?,Check balance,,
Send 9742 ZAR to investment,Transfer money,9742.0,investment
I want to borrow 22296 ZAR,Apply for loan,22296.0,
Pay my water bill,Pay bill,3514.0,water
Pay my phone bill,Pay bill,2490.0,phone
Move 7704 ZAR to savings,Transfer money,7704.0,savings
I want to borrow 40994 ZAR,Apply for loan,40994.0,
Pay my internet bill,Pay bill,265.0,internet
I need to pay 4426 ZAR for my water,Pay bill,4426.0,water
Pay my internet bill,Pay bill,854.0,internet
How much do I owe on my loan?,Check loan,,
Apply for a loan of 45233 ZAR,Apply for loan,45233.0,
I want to send 1575 ZAR to John,Send money,1575.0,John
Send 849 ZAR to Jane,Send money,849.0,Jane
Check my loan status,Check loan,,
Check my balance,Check balance,,
Can I get a loan for 47191 ZAR?,Apply for loan,47191.0,
Transfer 9875 ZAR to John,Send money,9875.0,John
Check my balance,Check balance,,
Pay my water bill,Pay bill,3664.0,water
How much money do I have?,Check balance,,
Check my balance,Check balance,,
I want to borrow 33035 ZAR,Apply for loan,33035.0,
I need to pay 1241 ZAR for my internet,Pay bill,1241.0,internet
Transfer 2476 ZAR to Emma,Send money,2476.0,Emma
Transfer 2315 ZAR to Sarah,Send money,2315.0,Sarah
Pay my internet bill,Pay bill,4783.0,internet
Send 3479 ZAR to checking,Transfer money,3479.0,checking
Can I get a loan for 11951 ZAR?,Apply for loan,11951.0,
How much money do I have?,Check balance,,
How much do I owe on my loan?,Check loan,,
Pay 1973 ZAR for water,Pay bill,1973.0,water
I need to pay 2436 ZAR for my rent,Pay bill,2436.0,rent
Apply for a loan of 44341 ZAR,Apply for loan,44341.0,
What is my current balance?,Check balance,,
I need to pay 792 ZAR for my electricity,Pay bill,792.0,electricity
Send 139 ZAR to David,Send money,139.0,David
Pay my electricity bill,Pay bill,280.0,electricity
Can I get a loan for 41360 ZAR?,Apply for loan,41360.0,
Check my loan status,Check loan,,
Check my balance,Check balance,,
Pay 2447 ZAR for rent,Pay bill,2447.0,rent
Move 2165 ZAR to investment,Transfer money,2165.0,investment
Send 6305 ZAR to John,Send money,6305.0,John
Send 1837 ZAR to John,Send money,1837.0,John
How much money do I have?,Check balance,,
How much money do I have?,Check balance,,
What is my loan balance?,Check loan,,
Pay my rent bill,Pay bill,327.0,rent
I want to send 3841 ZAR to David,Send money,3841.0,David
Pay my phone bill,Pay bill,2107.0,phone
I want to send 8678 ZAR to John,Send money,8678.0,John
Transfer 6136 ZAR to David,Send money,6136.0,David
Transfer 1753 ZAR to my investment,Transfer money,1753.0,investment
Check my loan status,Check loan,,
Pay my electricity bill,Pay bill,1785.0,electricity
Apply for a loan of 39370 ZAR,Apply for loan,39370.0,
Move 7901 ZAR to savings,Transfer money,7901.0,savings
Transfer 8881 ZAR to John,Send money,8881.0,John
Pay my phone bill,Pay bill,155.0,phone
What is my current balance?,Check balance,,
I want to send 9833 ZAR to Sarah,Send money,9833.0,Sarah
Apply for a loan of 17010 ZAR,Apply for loan,17010.0,
I need to pay 4648 ZAR for my rent,Pay bill,4648.0,rent
Can I get a loan for 41590 ZAR?,Apply for loan,41590.0,
Send 9215 ZAR to David,Send money,9215.0,David
Pay my internet bill,Pay bill,1107.0,internet
Transfer 8025 ZAR to John,Send money,8025.0,John
Transfer 7055 ZAR to Emma,Send money,7055.0,Emma
Check my loan status,Check loan,,
Pay 1647 ZAR for electricity,Pay bill,1647.0,electricity
Transfer 9039 ZAR to my investment,Transfer money,9039.0,investment
Send 3768 ZAR to savings,Transfer money,3768.0,savings
Check my loan status,Check loan,,
Can I get a loan for 49326 ZAR?,Apply for loan,49326.0,
I want to borrow 19284 ZAR,Apply for loan,19284.0,
How much money do I have?,Check balance,,
Transfer 7476 ZAR to Mike,Send money,7476.0,Mike
Can I get a loan for 36320 ZAR?,Apply for loan,36320.0,
Pay 203 ZAR for internet,Pay bill,203.0,internet
What is my loan balance?,Check loan,,
Pay my internet bill,Pay bill,4953.0,internet
How much money do I have?,Check balance,,
Send 9633 ZAR to savings,Transfer money,9633.0,savings
How much do I owe on my loan?,Check loan,,
How much money do I have?,Check balance,,
What is my loan balance?,Check loan,,
Send 7986 ZAR to savings,Transfer money,7986.0,savings
Transfer 2282 ZAR to John,Send money,2282.0,John
What is my current balance?,Check balance,,
Send 1988 ZAR to savings,Transfer money,1988.0,savings
I need to pay 2412 ZAR for my internet,Pay bill,2412.0,internet
Check my balance,Check balance,,
Pay my water bill,Pay bill,166.0,water
Can I get a loan for 33910 ZAR?,Apply for loan,33910.0,
Send 9028 ZAR to David,Send money,9028.0,David
I want to send 5467 ZAR to John,Send money,5467.0,John
Check my balance,Check balance,,
How much money do I have?,Check balance,,
Transfer 284 ZAR to Emma,Send money,284.0,Emma
Pay my phone bill,Pay bill,3454.0,phone
Pay 4233 ZAR for water,Pay bill,4233.0,water
I want to send 6509 ZAR to David,Send money,6509.0,David
Send 3864 ZAR to John,Send money,3864.0,John
Can I get a loan for 42545 ZAR?,Apply for loan,42545.0,
I need to pay 294 ZAR for my electricity,Pay bill,294.0,electricity
How much do I owe on my loan?,Check loan,,
I want to borrow 31696 ZAR,Apply for loan,31696.0,
I want to borrow 23047 ZAR,Apply for loan,23047.0,
Can I get a loan for 30542 ZAR?,Apply for loan,30542.0,
What is my current balance?,Check balance,,
I want to borrow 11488 ZAR,Apply for loan,11488.0,
I want to borrow 11937 ZAR,Apply for loan,11937.0,
How much do I owe on my loan?,Check loan,,
What is my loan balance?,Check loan,,
What is my loan balance?,Check loan,,
Move 5803 ZAR to savings,Transfer money,5803.0,savings
Send 9030 ZAR to checking,Transfer money,9030.0,checking
Transfer 3979 ZAR to my checking,Transfer money,3979.0,checking
Pay my rent bill,Pay bill,497.0,rent
I want to send 6171 ZAR to Emma,Send money,6171.0,Emma
How much money do I have?,Check balance,,
Transfer 5575 ZAR to my savings,Transfer money,5575.0,savings
Apply for a loan of 14968 ZAR,Apply for loan,14968.0,
I need to pay 557 ZAR for my electricity,Pay bill,557.0,electricity
Can I get a loan for 32274 ZAR?,Apply for loan,32274.0,
Transfer 2231 ZAR to my checking,Transfer money,2231.0,checking
Send 7231 ZAR to Sarah,Send money,7231.0,Sarah
Send 9036 ZAR to Mike,Send money,9036.0,Mike
Pay 4665 ZAR for electricity,Pay bill,4665.0,electricity
Apply for a loan of 20577 ZAR,Apply for loan,20577.0,
I need to pay 1180 ZAR for my phone,Pay bill,1180.0,phone
What is my current balance?,Check balance,,
Pay my internet bill,Pay bill,1987.0,internet
Check my balance,Check balance,,
What is my current balance?,Check balance,,
Move 8984 ZAR to checking,Transfer money,8984.0,checking
Send 5858 ZAR to John,Send money,5858.0,John
Can I get a loan for 24403 ZAR?,Apply for loan,24403.0,
Check my loan status,Check loan,,
How much do I owe on my loan?,Check loan,,
How much do I owe on my loan?,Check loan,,
How much do I owe on my loan?,Check loan,,
Check my loan status,Check loan,,
Pay 536 ZAR for internet,Pay bill,536.0,internet
I want to borrow 37424 ZAR,Apply for loan,37424.0,
I want to send 1464 ZAR to Mike,Send money,1464.0,Mike
Pay 2682 ZAR for rent,Pay bill,2682.0,rent
What is my current balance?,Check balance,,
Transfer 5749 ZAR to my checking,Transfer money,5749.0,checking
Check my loan status,Check loan,,
I need to pay 4932 ZAR for my phone,Pay bill,4932.0,phone
Check my balance,Check balance,,
What is my current balance?,Check balance,,
Send 2353 ZAR to savings,Transfer money,2353.0,savings
Apply for a loan of 36574 ZAR,Apply for loan,36574.0,
Transfer 3945 ZAR to my savings,Transfer money,3945.0,savings
Transfer 2989 ZAR to my checking,Transfer money,2989.0,checking
Can I get a loan for 47061 ZAR?,Apply for loan,47061.0,
Transfer 5109 ZAR to my savings,Transfer money,5109.0,savings
I want to send 7022 ZAR to Jane,Send money,7022.0,Jane
I want to send 8372 ZAR to Emma,Send money,8372.0,Emma
Can I get a loan for 1916 ZAR?,Apply for loan,1916.0,
Can I get a loan for 8176 ZAR?,Apply for loan,8176.0,
What is my current balance?,Check balance,,
I need to pay 3583 ZAR for my water,Pay bill,3583.0,water
I want to send 9831 ZAR to Sarah,Send money,9831.0,Sarah
I want to borrow 1755 ZAR,Apply for loan,1755.0,
Check my loan status,Check loan,,
Transfer 2409 ZAR to my investment,Transfer money,2409.0,investment
Can I get a loan for 34989 ZAR?,Apply for loan,34989.0,
Move 3305 ZAR to investment,Transfer money,3305.0,investment
What is my current balance?,Check balance,,
Transfer 3742 ZAR to David,Send money,3742.0,David
I need to pay 4875 ZAR for my electricity,Pay bill,4875.0,electricity
Check my loan status,Check loan,,
Transfer 4663 ZAR to David,Send money,4663.0,David
Send 861 ZAR to Emma,Send money,861.0,Emma
Transfer 7159 ZAR to my investment,Transfer money,7159.0,investment
Pay 3051 ZAR for electricity,Pay bill,3051.0,electricity
I want to send 6002 ZAR to Jane,Send money,6002.0,Jane
What is my loan balance?,Check loan,,
Send 4680 ZAR to John,Send money,4680.0,John
Send 8970 ZAR to Sarah,Send money,8970.0,Sarah
Send 858 ZAR to investment,Transfer money,858.0,investment
I want to send 1133 ZAR to Sarah,Send money,1133.0,Sarah
Pay 1338 ZAR for internet,Pay bill,1338.0,internet
I want to send 4629 ZAR to Sarah,Send money,4629.0,Sarah
Pay 809 ZAR for internet,Pay bill,809.0,internet
How much do I owe on my loan?,Check loan,,
Send 116 ZAR to savings,Transfer money,116.0,savings
Transfer 6719 ZAR to Sarah,Send money,6719.0,Sarah
Check my balance,Check balance,,
Can I get a loan for 18186 ZAR?,Apply for loan,18186.0,
I want to send 4489 ZAR to John,Send money,4489.0,John
Send 1456 ZAR to Jane,Send money,1456.0,Jane
How much money do I have?,Check balance,,
Send 5428 ZAR to Emma,Send money,5428.0,Emma
Move 9955 ZAR to investment,Transfer money,9955.0,investment
Transfer 7078 ZAR to Emma,Send money,7078.0,Emma
How much money do I have?,Check balance,,
What is my current balance?,Check balance,,
I want to borrow 37933 ZAR,Apply for loan,37933.0,
Move 6270 ZAR to checking,Transfer money,6270.0,checking
Check my loan status,Check loan,,
Move 5556 ZAR to investment,Transfer money,5556.0,investment
Send 8957 ZAR to Jane,Send money,8957.0,Jane
I want to send 8180 ZAR to Sarah,Send money,8180.0,Sarah
I want to send 3997 ZAR to David,Send money,3997.0,David
I need to pay 3550 ZAR for my phone,Pay bill,3550.0,phone
Send 4158 ZAR to Emma,Send money,4158.0,Emma
Pay 1665 ZAR for water,Pay bill,1665.0,water
I need to pay 2877 ZAR for my phone,Pay bill,2877.0,phone
What is my current balance?,Check balance,,
Send 6053 ZAR to investment,Transfer money,6053.0,investment
Can I get a loan for 6806 ZAR?,Apply for loan,6806.0,
Pay my water bill,Pay bill,3388.0,water
Send 8569 ZAR to Emma,Send money,8569.0,Emma
Apply for a loan of 15418 ZAR,Apply for loan,15418.0,
I want to send 6552 ZAR to John,Send money,6552.0,John
Pay my internet bill,Pay bill,2326.0,internet
Send 3307 ZAR to John,Send money,3307.0,John
Move 4076 ZAR to investment,Transfer money,4076.0,investment
Transfer 847 ZAR to John,Send money,847.0,John
How much money do I have?,Check balance,,
How much money do I have?,Check balance,,
I want to borrow 25556 ZAR,Apply for loan,25556.0,
Check my loan status,Check loan,,
Can I get a loan for 31178 ZAR?,Apply for loan,31178.0,
Pay my water bill,Pay bill,2942.0,water
Pay 3521 ZAR for phone,Pay bill,3521.0,phone
How much do I owe on my loan?,Check loan,,
Move 7484 ZAR to investment,Transfer money,7484.0,investment
Check my loan status,Check loan,,
What is my loan balance?,Check loan,,
I want to borrow 37117 ZAR,Apply for loan,37117.0,
Check my balance,Check balance,,
Transfer 7140 ZAR to Emma,Send money,7140.0,Emma
What is my loan balance?,Check loan,,
What is my loan balance?,Check loan,,
Pay my water bill,Pay bill,637.0,water
How much money do I have?,Check balance,,
How much money do I have?,Check balance,,
I need to pay 4729 ZAR for my electricity,Pay bill,4729.0,electricity
Can I get a loan for 47754 ZAR?,Apply for loan,47754.0,
Can I get a loan for 1211 ZAR?,Apply for loan,1211.0,
I want to borrow 16607 ZAR,Apply for loan,16607.0,
What is my current balance?,Check balance,,
What is my current balance?,Check balance,,
What is my loan balance?,Check loan,,
Apply for a loan of 25975 ZAR,Apply for loan,25975.0,
What is my loan balance?,Check loan,,
Can I get a loan for 47932 ZAR?,Apply for loan,47932.0,
Pay my internet bill,Pay bill,1775.0,internet
I want to send 2778 ZAR to Sarah,Send money,2778.0,Sarah
Check my loan status,Check loan,,
Check my loan status,Check loan,,
How much money do I have?,Check balance,,
Send 1488 ZAR to Emma,Send money,1488.0,Emma
I want to borrow 48126 ZAR,Apply for loan,48126.0,
How much do I owe on my loan?,Check loan,,
I want to send 6111 ZAR to Emma,Send money,6111.0,Emma
Apply for a loan of 27019 ZAR,Apply for loan,27019.0,
How much money do I have?,Check balance,,
Transfer 4255 ZAR to my investment,Transfer money,4255.0,investment
Transfer 2464 ZAR to my savings,Transfer money,2464.0,savings
Pay my phone bill,Pay bill,3291.0,phone
Check my balance,Check balance,,
Apply for a loan of 13468 ZAR,Apply for loan,13468.0,
Move 8046 ZAR to savings,Transfer money,8046.0,savings
I want to send 4001 ZAR to David,Send money,4001.0,David
Apply for a loan of 15551 ZAR,Apply for loan,15551.0,
Pay 4584 ZAR for water,Pay bill,4584.0,water
Check my balance,Check balance,,
Send 3880 ZAR to savings,Transfer money,3880.0,savings
How much do I owe on my loan?,Check loan,,
What is my current balance?,Check balance,,
Transfer 5740 ZAR to Emma,Send money,5740.0,Emma
Send 6287 ZAR to Sarah,Send money,6287.0,Sarah
Check my loan status,Check loan,,
Send 3689 ZAR to investment,Transfer money,3689.0,investment
Can I get a loan for 28696 ZAR?,Apply for loan,28696.0,
What is my loan balance?,Check loan,,
Transfer 9605 ZAR to my investment,Transfer money,9605.0,investment
Send 3856 ZAR to Mike,Send money,3856.0,Mike
Can I get a loan for 28095 ZAR?,Apply for loan,28095.0,
How much do I owe on my loan?,Check loan,,
Send 8355 ZAR to checking,Transfer money,8355.0,checking
I want to send 7943 ZAR to Sarah,Send money,7943.0,Sarah
Check my balance,Check balance,,
Transfer 7795 ZAR to John,Send money,7795.0,John
Can I get a loan for 21631 ZAR?,Apply for loan,21631.0,
Move 4077 ZAR to savings,Transfer money,4077.0,savings
I need to pay 3258 ZAR for my water,Pay bill,3258.0,water
What is my loan balance?,Check loan,,
Pay my electricity bill,Pay bill,2850.0,electricity
What is my loan balance?,Check loan,,
Pay 3874 ZAR for electricity,Pay bill,3874.0,electricity
Pay my internet bill,Pay bill,4967.0,internet
Apply for a loan of 27004 ZAR,Apply for loan,27004.0,
Can I get a loan for 26921 ZAR?,Apply for loan,26921.0,
Pay 1034 ZAR for electricity,Pay bill,1034.0,electricity
I need to pay 2613 ZAR for my electricity,Pay bill,2613.0,electricity
Move 4419 ZAR to investment,Transfer money,4419.0,investment
Pay 4109 ZAR for phone,Pay bill,4109.0,phone
I want to borrow 46398 ZAR,Apply for loan,46398.0,
Check my loan status,Check loan,,
Move 7540 ZAR to checking,Transfer money,7540.0,checking
Apply for a loan of 19770 ZAR,Apply for loan,19770.0,
Can I get a loan for 32105 ZAR?,Apply for loan,32105.0,
How much do I owe on my loan?,Check loan,,
Send 5053 ZAR to John,Send money,5053.0,John
What is my current balance?,Check balance,,
Send 3258 ZAR to Jane,Send money,3258.0,Jane
Transfer 6274 ZAR to John,Send money,6274.0,John
Can I get a loan for 44761 ZAR?,Apply for loan,44761.0,
Pay my electricity bill,Pay bill,3227.0,electricity
Transfer 640 ZAR to my savings,Transfer money,640.0,savings
Transfer 960 ZAR to John,Send money,960.0,John
How much do I owe on my loan?,Check loan,,
Transfer 9939 ZAR to my savings,Transfer money,9939.0,savings
Check my loan status,Check loan,,
Check my loan status,Check loan,,
Apply for a loan of 26709 ZAR,Apply for loan,26709.0,
I need to pay 2324 ZAR for my electricity,Pay bill,2324.0,electricity
I want to send 5728 ZAR to David,Send money,5728.0,David
I need to pay 4226 ZAR for my electricity,Pay bill,4226.0,electricity
I want to borrow 46490 ZAR,Apply for loan,46490.0,
Apply for a loan of 11548 ZAR,Apply for loan,11548.0,
Can I get a loan for 31535 ZAR?,Apply for loan,31535.0,
How much money do I have?,Check balance,,
Send 5975 ZAR to checking,Transfer money,5975.0,checking
Can I get a loan for 43563 ZAR?,Apply for loan,43563.0,
Can I get a loan for 47798 ZAR?,Apply for loan,47798.0,
Send 8711 ZAR to Jane,Send money,8711.0,Jane
I want to borrow 40522 ZAR,Apply for loan,40522.0,
Move 6716 ZAR to savings,Transfer money,6716.0,savings
Pay my electricity bill,Pay bill,4665.0,electricity
Apply for a loan of 32126 ZAR,Apply for loan,32126.0,
I want to send 4260 ZAR to Emma,Send money,4260.0,Emma
What is my loan balance?,Check loan,,
Apply for a loan of 27898 ZAR,Apply for loan,27898.0,
Transfer 3151 ZAR to my checking,Transfer money,3151.0,checking
What is my loan balance?,Check loan,,
Check my loan status,Check loan,,
I need to pay 3588 ZAR for my rent,Pay bill,3588.0,rent
Pay my internet bill,Pay bill,2320.0,internet
Check my loan status,Check loan,,
Pay my rent bill,Pay bill,4666.0,rent
I need to pay 4988 ZAR for my water,Pay bill,4988.0,water
I want to borrow 27103 ZAR,Apply for loan,27103.0,
Can I get a loan for 12348 ZAR?,Apply for loan,12348.0,
Can I get a loan for 14889 ZAR?,Apply for loan,14889.0,
I want to send 6941 ZAR to Sarah,Send money,6941.0,Sarah
Send 4980 ZAR to John,Send money,4980.0,John
How much money do I have?,Check balance,,
How much money do I have?,Check balance,,
Transfer 7659 ZAR to my investment,Transfer money,7659.0,investment
What is my loan balance?,Check loan,,
I need to pay 2509 ZAR for my internet,Pay bill,2509.0,internet
I want to send 4362 ZAR to David,Send money,4362.0,David
What is my loan balance?,Check loan,,
I want to send 8360 ZAR to David,Send money,8360.0,David
I want to borrow 49398 ZAR,Apply for loan,49398.0,
How much do I owe on my loan?,Check loan,,
Send 6920 ZAR to Sarah,Send money,6920.0,Sarah
What is my current balance?,Check balance,,
Send 6189 ZAR to savings,Transfer money,6189.0,savings
Check my loan status,Check loan,,
I need to pay 1440 ZAR for my electricity,Pay bill,1440.0,electricity
I need to pay 4429 ZAR for my phone,Pay bill,4429.0,phone
I want to borrow 37939 ZAR,Apply for loan,37939.0,
Send 5489 ZAR to Mike,Send money,5489.0,Mike
Transfer 3995 ZAR to my savings,Transfer money,3995.0,savings
I want to borrow 38709 ZAR,Apply for loan,38709.0,
Move 1391 ZAR to savings,Transfer money,1391.0,savings
Transfer 4771 ZAR to my investment,Transfer money,4771.0,investment
Can I get a loan for 49544 ZAR?,Apply for loan,49544.0,
What is my current balance?,Check balance,,
Move 6640 ZAR to investment,Transfer money,6640.0,investment
Check my loan status,Check loan,,
I need to pay 1660 ZAR for my water,Pay bill,1660.0,water
How much money do I have?,Check balance,,
Transfer 4122 ZAR to Jane,Send money,4122.0,Jane
Apply for a loan of 40110 ZAR,Apply for loan,40110.0,
What is my current balance?,Check balance,,
Send 7115 ZAR to Sarah,Send money,7115.0,Sarah
Can I get a loan for 45027 ZAR?,Apply for loan,45027.0,
I want to send 7259 ZAR to Emma,Send money,7259.0,Emma
I want to borrow 24176 ZAR,Apply for loan,24176.0,
Send 8249 ZAR to David,Send money,8249.0,David
How much money do I have?,Check balance,,
I want to send 408 ZAR to Sarah,Send money,408.0,Sarah
Can I get a loan for 5857 ZAR?,Apply for loan,5857.0,
Check my loan status,Check loan,,
Pay 1491 ZAR for phone,Pay bill,1491.0,phone
What is my current balance?,Check balance,,
What is my loan balance?,Check loan,,
Send 4126 ZAR to savings,Transfer money,4126.0,savings
I want to borrow 7377 ZAR,Apply for loan,7377.0,
Check my balance,Check balance,,
Transfer 3769 ZAR to my investment,Transfer money,3769.0,investment
Check my loan status,Check loan,,
Transfer 6317 ZAR to my savings,Transfer money,6317.0,savings
What is my current balance?,Check balance,,
Apply for a loan of 1032 ZAR,Apply for loan,1032.0,
Transfer 3533 ZAR to Emma,Send money,3533.0,Emma
What is my current balance?,Check balance,,
Move 2836 ZAR to savings,Transfer money,2836.0,savings
Transfer 5996 ZAR to Jane,Send money,5996.0,Jane
What is my loan balance?,Check loan,,
Check my balance,Check balance,,
Check my balance,Check balance,,
Move 8809 ZAR to checking,Transfer money,8809.0,checking
Apply for a loan of 6759 ZAR,Apply for loan,6759.0,
How much do I owe on my loan?,Check loan,,
I want to send 9677 ZAR to David,Send money,9677.0,David
Move 1550 ZAR to checking,Transfer money,1550.0,checking
Transfer 3630 ZAR to Emma,Send money,3630.0,Emma
Send 2642 ZAR to checking,Transfer money,2642.0,checking
Send 5951 ZAR to savings,Transfer money,5951.0,savings
Move 2948 ZAR to checking,Transfer money,2948.0,checking
How much do I owe on my loan?,Check loan,,
What is my loan balance?,Check loan,,
Move 3952 ZAR to checking,Transfer money,3952.0,checking
What is my loan balance?,Check loan,,
How much do I owe on my loan?,Check loan,,
How much do I owe on my loan?,Check loan,,
I need to pay 1614 ZAR for my rent,Pay bill,1614.0,rent
Move 3867 ZAR to checking,Transfer money,3867.0,checking
Send 2333 ZAR to savings,Transfer money,2333.0,savings
Transfer 378 ZAR to my savings,Transfer money,378.0,savings
Transfer 4281 ZAR to my savings,Transfer money,4281.0,savings
Pay my internet bill,Pay bill,4881.0,internet
Move 7350 ZAR to savings,Transfer money,7350.0,savings
How much money do I have?,Check balance,,
How much do I owe on my loan?,Check loan,,
What is my loan balance?,Check loan,,
Apply for a loan of 18819 ZAR,Apply for loan,18819.0,
Check my loan status,Check loan,,
How much do I owe on my loan?,Check loan,,
Send 638 ZAR to investment,Transfer money,638.0,investment
Send 3830 ZAR to Mike,Send money,3830.0,Mike
What is my current balance?,Check balance,,
Can I get a loan for 37322 ZAR?,Apply for loan,37322.0,
How much do I owe on my loan?,Check loan,,
I need to pay 787 ZAR for my rent,Pay bill,787.0,rent
Move 6741 ZAR to checking,Transfer money,6741.0,checking
Send 3749 ZAR to savings,Transfer money,3749.0,savings
Send 8001 ZAR to savings,Transfer money,8001.0,savings
Transfer 73 ZAR to Jane,Send money,73.0,Jane
Pay my internet bill,Pay bill,1552.0,internet
How much do I owe on my loan?,Check loan,,
Transfer 684 ZAR to my investment,Transfer money,684.0,investment
How much money do I have?,Check balance,,
Check my loan status,Check loan,,
Can I get a loan for 46920 ZAR?,Apply for loan,46920.0,
What is my loan balance?,Check loan,,
Transfer 8075 ZAR to Jane,Send money,8075.0,Jane
How much do I owe on my loan?,Check loan,,
Check my balance,Check balance,,
Transfer 9392 ZAR to Jane,Send money,9392.0,Jane
What is my loan balance?,Check loan,,
Apply for a loan of 30122 ZAR,Apply for loan,30122.0,
Pay my water bill,Pay bill,4807.0,water
What is my current balance?,Check balance,,
Send 1388 ZAR to John,Send money,1388.0,John
How much money do I have?,Check balance,,
Send 4401 ZAR to Emma,Send money,4401.0,Emma
I need to pay 848 ZAR for my phone,Pay bill,848.0,phone
Pay 4644 ZAR for phone,Pay bill,4644.0,phone
Pay my internet bill,Pay bill,2600.0,internet
Pay my electricity bill,Pay bill,557.0,electricity
Pay 4129 ZAR for water,Pay bill,4129.0,water
I want to borrow 41260 ZAR,Apply for loan,41260.0,
Pay my water bill,Pay bill,2998.0,water
Send 7754 ZAR to David,Send money,7754.0,David
What is my current balance?,Check balance,,
How much money do I have?,Check balance,,
Check my loan status,Check loan,,
I want to send 5265 ZAR to John,Send money,5265.0,John
I want to borrow 43793 ZAR,Apply for loan,43793.0,
Send 7082 ZAR to Sarah,Send money,7082.0,Sarah
Check my loan status,Check loan,,
Send 9178 ZAR to savings,Transfer money,9178.0,savings
Can I get a loan for 31476 ZAR?,Apply for loan,31476.0,
What is my loan balance?,Check loan,,
I want to send 336 ZAR to Jane,Send money,336.0,Jane
I need to pay 4720 ZAR for my phone,Pay bill,4720.0,phone
Send 1927 ZAR to investment,Transfer money,1927.0,investment
Check my loan status,Check loan,,
How much money do I have?,Check balance,,
Send 5356 ZAR to Emma,Send money,5356.0,Emma
I want to borrow 13744 ZAR,Apply for loan,13744.0,
Pay my electricity bill,Pay bill,3630.0,electricity
Transfer 9910 ZAR to Emma,Send money,9910.0,Emma
I need to pay 4257 ZAR for my internet,Pay bill,4257.0,internet
Transfer 1164 ZAR to Jane,Send money,1164.0,Jane
Send 3027 ZAR to investment,Transfer money,3027.0,investment
Transfer 6031 ZAR to my investment,Transfer money,6031.0,investment
Pay my rent bill,Pay bill,2220.0,rent
Pay 1264 ZAR for phone,Pay bill,1264.0,phone
Send 2032 ZAR to Sarah,Send money,2032.0,Sarah
Send 537 ZAR to David,Send money,537.0,David
I want to send 2198 ZAR to Emma,Send money,2198.0,Emma
Check my loan status,Check loan,,
Send 3156 ZAR to Mike,Send money,3156.0,Mike
I want to borrow 34589 ZAR,Apply for loan,34589.0,
I want to borrow 19277 ZAR,Apply for loan,19277.0,
Can I get a loan for 21900 ZAR?,Apply for loan,21900.0,
Send 9020 ZAR to savings,Transfer money,9020.0,savings
How much do I owe on my loan?,Check loan,,
Check my balance,Check balance,,
I want to borrow 36228 ZAR,Apply for loan,36228.0,
What is my loan balance?,Check loan,,
What is my current balance?,Check balance,,
I want to borrow 19495 ZAR,Apply for loan,19495.0,
Move 7046 ZAR to investment,Transfer money,7046.0,investment
Apply for a loan of 32692 ZAR,Apply for loan,32692.0,
Send 5051 ZAR to checking,Transfer money,5051.0,checking
Send 5676 ZAR to savings,Transfer money,5676.0,savings
What is my loan balance?,Check loan,,
How much money do I have?,Check balance,,
Move 1576 ZAR to investment,Transfer money,1576.0,investment
Send 4087 ZAR to savings,Transfer money,4087.0,savings
Apply for a loan of 13158 ZAR,Apply for loan,13158.0,
Move 6558 ZAR to investment,Transfer money,6558.0,investment
Check my loan status,Check loan,,
Apply for a loan of 38991 ZAR,Apply for loan,38991.0,
Check my loan status,Check loan,,
What is my current balance?,Check balance,,
Check my balance,Check balance,,
How much do I owe on my loan?,Check loan,,
I need to pay 3738 ZAR for my electricity,Pay bill,3738.0,electricity
Pay my internet bill,Pay bill,3293.0,internet
Move 185 ZAR to savings,Transfer money,185.0,savings
What is my loan balance?,Check loan,,
What is my current balance?,Check balance,,
I need to pay 1174 ZAR for my rent,Pay bill,1174.0,rent
I need to pay 534 ZAR for my phone,Pay bill,534.0,phone
What is my loan balance?,Check loan,,
I want to send 3866 ZAR to David,Send money,3866.0,David
What is my loan balance?,Check loan,,
Can I get a loan for 19264 ZAR?,Apply for loan,19264.0,
How much do I owe on my loan?,Check loan,,
Check my loan status,Check loan,,
Send 9133 ZAR to savings,Transfer money,9133.0,savings
How much money do I have?,Check balance,,
What is my loan balance?,Check loan,,
Check my loan status,Check loan,,
Apply for a loan of 33947 ZAR,Apply for loan,33947.0,
Pay 2473 ZAR for electricity,Pay bill,2473.0,electricity
I want to borrow 41975 ZAR,Apply for loan,41975.0,
Transfer 7335 ZAR to Sarah,Send money,7335.0,Sarah
Check my balance,Check balance,,
Check my loan status,Check loan,,
Send 4784 ZAR to David,Send money,4784.0,David
I need to pay 2508 ZAR for my water,Pay bill,2508.0,water
How much money do I have?,Check balance,,
What is my loan balance?,Check loan,,
What is my loan balance?,Check loan,,
Send 1723 ZAR to Mike,Send money,1723.0,Mike
Can I get a loan for 35611 ZAR?,Apply for loan,35611.0,
Move 4687 ZAR to checking,Transfer money,4687.0,checking
Send 6457 ZAR to investment,Transfer money,6457.0,investment
How much do I owe on my loan?,Check loan,,
Pay my internet bill,Pay bill,1780.0,internet
How much money do I have?,Check balance,,
What is my current balance?,Check balance,,
Check my loan status,Check loan,,
What is my current balance?,Check balance,,
Pay 1720 ZAR for phone,Pay bill,1720.0,phone
I want to borrow 35228 ZAR,Apply for loan,35228.0,
Move 6047 ZAR to checking,Transfer money,6047.0,checking
Apply for a loan of 31810 ZAR,Apply for loan,31810.0,
Pay 2633 ZAR for electricity,Pay bill,2633.0,electricity
Apply for a loan of 2120 ZAR,Apply for loan,2120.0,
Can I get a loan for 18699 ZAR?,Apply for loan,18699.0,
What is my current balance?,Check balance,,
How much do I owe on my loan?,Check loan,,
Pay 299 ZAR for water,Pay bill,299.0,water
Pay 3438 ZAR for electricity,Pay bill,3438.0,electricity
I need to pay 2089 ZAR for my electricity,Pay bill,2089.0,electricity
What is my current balance?,Check balance,,
Transfer 1379 ZAR to my checking,Transfer money,1379.0,checking
I want to borrow 17623 ZAR,Apply for loan,17623.0,
Transfer 5062 ZAR to David,Send money,5062.0,David
Transfer 1171 ZAR to my investment,Transfer money,1171.0,investment
Transfer 9566 ZAR to my investment,Transfer money,9566.0,investment
Check my balance,Check balance,,
I want to borrow 38088 ZAR,Apply for loan,38088.0,
What is my loan balance?,Check loan,,
Move 4730 ZAR to investment,Transfer money,4730.0,investment
How much money do I have?,Check balance,,
How much do I owe on my loan?,Check loan,,
Move 9651 ZAR to investment,Transfer money,9651.0,investment
Check my loan status,Check loan,,
Send 1490 ZAR to Jane,Send money,1490.0,Jane
How much do I owe on my loan?,Check loan,,
I need to pay 4509 ZAR for my rent,Pay bill,4509.0,rent
How much money do I have?,Check balance,,
Pay my phone bill,Pay bill,996.0,phone
Check my balance,Check balance,,
Transfer 5557 ZAR to John,Send money,5557.0,John
Send 5762 ZAR to investment,Transfer money,5762.0,investment
How much do I owe on my loan?,Check loan,,
How much money do I have?,Check balance,,
Pay my water bill,Pay bill,613.0,water
Pay 3639 ZAR for phone,Pay bill,3639.0,phone
How much do I owe on my loan?,Check loan,,
Pay 2017 ZAR for phone,Pay bill,2017.0,phone
Apply for a loan of 13053 ZAR,Apply for loan,13053.0,
Transfer 9807 ZAR to my savings,Transfer money,9807.0,savings
I want to borrow 29714 ZAR,Apply for loan,29714.0,
I want to borrow 41536 ZAR,Apply for loan,41536.0,
Send 3240 ZAR to savings,Transfer money,3240.0,savings
Move 6553 ZAR to investment,Transfer money,6553.0,investment
I need to pay 715 ZAR for my internet,Pay bill,715.0,internet
How much money do I have?,Check balance,,
Can I get a loan for 23205 ZAR?,Apply for loan,23205.0,
Move 1369 ZAR to savings,Transfer money,1369.0,savings
What is my current balance?,Check balance,,
How much do I owe on my loan?,Check loan,,
What is my current balance?,Check balance,,
What is my current balance?,Check balance,,
Check my balance,Check balance,,
Check my loan status,Check loan,,
What is my current balance?,Check balance,,
I want to borrow 29763 ZAR,Apply for loan,29763.0,
What is my current balance?,Check balance,,
Pay my phone bill,Pay bill,992.0,phone
Apply for a loan of 5705 ZAR,Apply for loan,5705.0,
I want to send 7055 ZAR to John,Send money,7055.0,John
Send 563 ZAR to savings,Transfer money,563.0,savings
Pay 4646 ZAR for water,Pay bill,4646.0,water
I need to pay 1821 ZAR for my rent,Pay bill,1821.0,rent
What is my loan balance?,Check loan,,
Send 5640 ZAR to David,Send money,5640.0,David
Pay my rent bill,Pay bill,1661.0,rent
Check my loan status,Check loan,,
Check my balance,Check balance,,
Check my balance,Check balance,,
Move 1496 ZAR to savings,Transfer money,1496.0,savings
Check my loan status,Check loan,,
I want to borrow 1545 ZAR,Apply for loan,1545.0,
Transfer 637 ZAR to my checking,Transfer money,637.0,checking
I want to send 6365 ZAR to Mike,Send money,6365.0,Mike
How much money do I have?,Check balance,,
Transfer 5579 ZAR to my investment,Transfer money,5579.0,investment
How much money do I have?,Check balance,,
Transfer 2145 ZAR to my investment,Transfer money,2145.0,investment
Apply for a loan of 10618 ZAR,Apply for loan,10618.0,
Pay my phone bill,Pay bill,602.0,phone
I need to pay 5000 ZAR for my internet,Pay bill,5000.0,internet
Apply for a loan of 39057 ZAR,Apply for loan,39057.0,
Send 7338 ZAR to Emma,Send money,7338.0,Emma
How much money do I have?,Check balance,,
Transfer 6316 ZAR to my investment,Transfer money,6316.0,investment
Transfer 9368 ZAR to my investment,Transfer money,9368.0,investment
Apply for a loan of 1779 ZAR,Apply for loan,1779.0,
Check my balance,Check balance,,
Apply for a loan of 16429 ZAR,Apply for loan,16429.0,
Transfer 1005 ZAR to Jane,Send money,1005.0,Jane
I want to send 4830 ZAR to David,Send money,4830.0,David
Move 2008 ZAR to savings,Transfer money,2008.0,savings
How much money do I have?,Check balance,,
I need to pay 3466 ZAR for my internet,Pay bill,3466.0,internet
Pay 2195 ZAR for electricity,Pay bill,2195.0,electricity
Transfer 3315 ZAR to my checking,Transfer money,3315.0,checking
I want to send 240 ZAR to Jane,Send money,240.0,Jane
Pay my rent bill,Pay bill,3254.0,rent
What is my loan balance?,Check loan,,
Transfer 8447 ZAR to Emma,Send money,8447.0,Emma
Transfer 5595 ZAR to Jane,Send money,5595.0,Jane
Transfer 4260 ZAR to my savings,Transfer money,4260.0,savings
How much do I owe on my loan?,Check loan,,
How much do I owe on my loan?,Check loan,,
What is my current balance?,Check balance,,
Check my loan status,Check loan,,
How much do I owe on my loan?,Check loan,,
Pay 3574 ZAR for phone,Pay bill,3574.0,phone
Transfer 1735 ZAR to David,Send money,1735.0,David
What is my loan balance?,Check loan,,
How much money do I have?,Check balance,,
How much do I owe on my loan?,Check loan,,
Can I get a loan for 42631 ZAR?,Apply for loan,42631.0,
Check my balance,Check balance,,
I need to pay 4731 ZAR for my internet,Pay bill,4731.0,internet
Transfer 8940 ZAR to Jane,Send money,8940.0,Jane
Transfer 5881 ZAR to my checking,Transfer money,5881.0,checking
Send 6929 ZAR to Mike,Send money,6929.0,Mike
Transfer 3420 ZAR to my investment,Transfer money,3420.0,investment
How much money do I have?,Check balance,,
Transfer 522 ZAR to my checking,Transfer money,522.0,checking
Can I get a loan for 17758 ZAR?,Apply for loan,17758.0,
How much do I owe on my loan?,Check loan,,
Send 9356 ZAR to savings,Transfer money,9356.0,savings
Send 9512 ZAR to Sarah,Send money,9512.0,Sarah
I need to pay 3341 ZAR for my rent,Pay bill,3341.0,rent
Move 2279 ZAR to investment,Transfer money,2279.0,investment
Pay my rent bill,Pay bill,3569.0,rent
Move 4089 ZAR to savings,Transfer money,4089.0,savings
Transfer 3038 ZAR to my checking,Transfer money,3038.0,checking
Move 6314 ZAR to investment,Transfer money,6314.0,investment
Transfer 395 ZAR to David,Send money,395.0,David
Apply for a loan of 13889 ZAR,Apply for loan,13889.0,
Check my loan status,Check loan,,
Check my loan status,Check loan,,
Transfer 8428 ZAR to Jane,Send money,8428.0,Jane
Check my loan status,Check loan,,
How much money do I have?,Check balance,,
I want to borrow 33397 ZAR,Apply for loan,33397.0,
Check my balance,Check balance,,
Transfer 7551 ZAR to Mike,Send money,7551.0,Mike
Transfer 3767 ZAR to my investment,Transfer money,3767.0,investment
Apply for a loan of 14339 ZAR,Apply for loan,14339.0,
How much money do I have?,Check balance,,
How much do I owe on my loan?,Check loan,,
How much do I owe on my loan?,Check loan,,
Apply for a loan of 14786 ZAR,Apply for loan,14786.0,
Check my loan status,Check loan,,
Check my loan status,Check loan,,
Send 7884 ZAR to Emma,Send money,7884.0,Emma
I need to pay 3264 ZAR for my rent,Pay bill,3264.0,rent
Check my loan status,Check loan,,
I want to borrow 20102 ZAR,Apply for loan,20102.0,
Pay 1053 ZAR for phone,Pay bill,1053.0,phone
I want to borrow 10531 ZAR,Apply for loan,10531.0,
Pay my rent bill,Pay bill,1189.0,rent
I want to borrow 14846 ZAR,Apply for loan,14846.0,
I want to borrow 35459 ZAR,Apply for loan,35459.0,
How much do I owe on my loan?,Check loan,,
Pay 1940 ZAR for electricity,Pay bill,1940.0,electricity
I need to pay 2108 ZAR for my water,Pay bill,2108.0,water
I need to pay 3032 ZAR for my electricity,Pay bill,3032.0,electricity
Transfer 5470 ZAR to my investment,Transfer money,5470.0,investment
I need to pay 2294 ZAR for my electricity,Pay bill,2294.0,electricity
How much money do I have?,Check balance,,
Pay my internet bill,Pay bill,454.0,internet
Pay 4883 ZAR for rent,Pay bill,4883.0,rent
What is my loan balance?,Check loan,,
I need to pay 2255 ZAR for my internet,Pay bill,2255.0,internet
What is my loan balance?,Check loan,,
How much money do I have?,Check balance,,
Transfer 6309 ZAR to my checking,Transfer money,6309.0,checking
Transfer 1650 ZAR to my checking,Transfer money,1650.0,checking
What is my loan balance?,Check loan,,
Can I get a loan for 28035 ZAR?,Apply for loan,28035.0,
I need to pay 3873 ZAR for my internet,Pay bill,3873.0,internet
Pay 973 ZAR for water,Pay bill,973.0,water
Apply for a loan of 6168 ZAR,Apply for loan,6168.0,
Check my balance,Check balance,,
How much money do I have?,Check balance,,
I want to borrow 18108 ZAR,Apply for loan,18108.0,
Check my loan status,Check loan,,
I need to pay 3718 ZAR for my phone,Pay bill,3718.0,phone
What is my loan balance?,Check loan,,
Transfer 3508 ZAR to John,Send money,3508.0,John
Transfer 5698 ZAR to my savings,Transfer money,5698.0,savings
Pay my internet bill,Pay bill,4416.0,internet
What is my current balance?,Check balance,,
How much do I owe on my loan?,Check loan,,
I need to pay 1271 ZAR for my rent,Pay bill,1271.0,rent
Can I get a loan for 10437 ZAR?,Apply for loan,10437.0,
Can I get a loan for 26406 ZAR?,Apply for loan,26406.0,
Send 2503 ZAR to Mike,Send money,2503.0,Mike
What is my current balance?,Check balance,,
Can I get a loan for 21679 ZAR?,Apply for loan,21679.0,
Can I get a loan for 6765 ZAR?,Apply for loan,6765.0,
Pay 2591 ZAR for electricity,Pay bill,2591.0,electricity
Transfer 5958 ZAR to my investment,Transfer money,5958.0,investment
Send 2480 ZAR to savings,Transfer money,2480.0,savings
How much money do I have?,Check balance,,
Pay my phone bill,Pay bill,4567.0,phone
Move 1213 ZAR to investment,Transfer money,1213.0,investment
Pay my rent bill,Pay bill,3836.0,rent
I need to pay 1262 ZAR for my rent,Pay bill,1262.0,rent
Check my balance,Check balance,,
Transfer 7097 ZAR to Mike,Send money,7097.0,Mike
Can I get a loan for 43524 ZAR?,Apply for loan,43524.0,
Transfer 6404 ZAR to Jane,Send money,6404.0,Jane
Pay 3522 ZAR for electricity,Pay bill,3522.0,electricity
Pay my rent bill,Pay bill,2406.0,rent
Pay my phone bill,Pay bill,2344.0,phone
Move 8364 ZAR to checking,Transfer money,8364.0,checking
Send 8443 ZAR to checking,Transfer money,8443.0,checking
How much do I owe on my loan?,Check loan,,
What is my loan balance?,Check loan,,
Pay 1286 ZAR for internet,Pay bill,1286.0,internet
I want to borrow 25201 ZAR,Apply for loan,25201.0,
What is my loan balance?,Check loan,,
Pay my electricity bill,Pay bill,4640.0,electricity
Check my balance,Check balance,,
What is my current balance?,Check balance,,
I want to send 7368 ZAR to David,Send money,7368.0,David
Move 4535 ZAR to investment,Transfer money,4535.0,investment
Apply for a loan of 8960 ZAR,Apply for loan,8960.0,
Pay 980 ZAR for phone,Pay bill,980.0,phone
Apply for a loan of 1630 ZAR,Apply for loan,1630.0,
I need to pay 2110 ZAR for my rent,Pay bill,2110.0,rent
Send 1522 ZAR to Jane,Send money,1522.0,Jane
Apply for a loan of 33181 ZAR,Apply for loan,33181.0,
Check my balance,Check balance,,
Transfer 5003 ZAR to my savings,Transfer money,5003.0,savings
I need to pay 1539 ZAR for my phone,Pay bill,1539.0,phone
Can I get a loan for 15061 ZAR?,Apply for loan,15061.0,
Check my loan status,Check loan,,
Send 5476 ZAR to investment,Transfer money,5476.0,investment
What is my current balance?,Check balance,,
Pay 341 ZAR for internet,Pay bill,341.0,internet
Pay 787 ZAR for electricity,Pay bill,787.0,electricity
Send 3578 ZAR to savings,Transfer money,3578.0,savings
How much do I owe on my loan?,Check loan,,
Can I get a loan for 27463 ZAR?,Apply for loan,27463.0,
Transfer 2655 ZAR to Emma,Send money,2655.0,Emma
Send 640 ZAR to Jane,Send money,640.0,Jane
Transfer 9951 ZAR to Jane,Send money,9951.0,Jane
Check my balance,Check balance,,
What is my loan balance?,Check loan,,
Move 8312 ZAR to investment,Transfer money,8312.0,investment
Pay my rent bill,Pay bill,778.0,rent
Pay my phone bill,Pay bill,2590.0,phone
Send 7018 ZAR to David,Send money,7018.0,David
Check my loan status,Check loan,,
What is my current balance?,Check balance,,
How much money do I have?,Check balance,,
Apply for a loan of 28111 ZAR,Apply for loan,28111.0,
Apply for a loan of 33822 ZAR,Apply for loan,33822.0,
How much do I owe on my loan?,Check loan,,
Apply for a loan of 26945 ZAR,Apply for loan,26945.0,
Move 2521 ZAR to savings,Transfer money,2521.0,savings
Pay my rent bill,Pay bill,1899.0,rent
Transfer 1370 ZAR to my investment,Transfer money,1370.0,investment
I want to send 4103 ZAR to Sarah,Send money,4103.0,Sarah
What is my current balance?,Check balance,,
How much do I owe on my loan?,Check loan,,
I want to borrow 30622 ZAR,Apply for loan,30622.0,
I want to send 4146 ZAR to Mike,Send money,4146.0,Mike
What is my current balance?,Check balance,,
Transfer 1785 ZAR to David,Send money,1785.0,David
Transfer 5857 ZAR to my investment,Transfer money,5857.0,investment
Check my loan status,Check loan,,
Transfer 2593 ZAR to my checking,Transfer money,2593.0,checking
Transfer 9451 ZAR to Sarah,Send money,9451.0,Sarah
How much money do I have?,Check balance,,
I want to borrow 33042 ZAR,Apply for loan,33042.0,
How much do I owe on my loan?,Check loan,,
Send 4725 ZAR to investment,Transfer money,4725.0,investment
Pay my internet bill,Pay bill,3907.0,internet
Pay my rent bill,Pay bill,3354.0,rent
I want to borrow 15901 ZAR,Apply for loan,15901.0,
I need to pay 2961 ZAR for my phone,Pay bill,2961.0,phone
Apply for a loan of 25130 ZAR,Apply for loan,25130.0,
I want to borrow 22256 ZAR,Apply for loan,22256.0,
I need to pay 1652 ZAR for my rent,Pay bill,1652.0,rent
Transfer 4963 ZAR to my savings,Transfer money,4963.0,savings
Transfer 2816 ZAR to my savings,Transfer money,2816.0,savings
Transfer 4310 ZAR to Mike,Send money,4310.0,Mike
Send 9463 ZAR to Emma,Send money,9463.0,Emma
Can I get a loan for 45249 ZAR?,Apply for loan,45249.0,
I need to pay 2636 ZAR for my rent,Pay bill,2636.0,rent
Transfer 1886 ZAR to Jane,Send money,1886.0,Jane
Pay my rent bill,Pay bill,3739.0,rent
What is my current balance?,Check balance,,
Pay 4065 ZAR for phone,Pay bill,4065.0,phone
Transfer 2325 ZAR to my savings,Transfer money,2325.0,savings
Apply for a loan of 18801 ZAR,Apply for loan,18801.0,
Transfer 6553 ZAR to Jane,Send money,6553.0,Jane
Check my loan status,Check loan,,
Check my balance,Check balance,,
Move 5558 ZAR to savings,Transfer money,5558.0,savings
Check my loan status,Check loan,,
How much do I owe on my loan?,Check loan,,
Can I get a loan for 35881 ZAR?,Apply for loan,35881.0,
Transfer 3058 ZAR to Sarah,Send money,3058.0,Sarah
I need to pay 2604 ZAR for my electricity,Pay bill,2604.0,electricity
I need to pay 3163 ZAR for my electricity,Pay bill,3163.0,electricity
Apply for a loan of 4713 ZAR,Apply for loan,4713.0,
Check my loan status,Check loan,,
Move 6063 ZAR to checking,Transfer money,6063.0,checking
Transfer 5168 ZAR to my investment,Transfer money,5168.0,investment
Send 8664 ZAR to savings,Transfer money,8664.0,savings
What is my current balance?,Check balance,,
I want to borrow 13840 ZAR,Apply for loan,13840.0,
Pay 2484 ZAR for rent,Pay bill,2484.0,rent
I want to send 7474 ZAR to Sarah,Send money,7474.0,Sarah
Apply for a loan of 26568 ZAR,Apply for loan,26568.0,
Send 5118 ZAR to investment,Transfer money,5118.0,investment
I want to borrow 5111 ZAR,Apply for loan,5111.0,
I want to send 9093 ZAR to Sarah,Send money,9093.0,Sarah
Move 676 ZAR to checking,Transfer money,676.0,checking
I need to pay 1414 ZAR for my electricity,Pay bill,1414.0,electricity
Check my loan status,Check loan,,
I need to pay 3877 ZAR for my electricity,Pay bill,3877.0,electricity
Move 6869 ZAR to savings,Transfer money,6869.0,savings
Send 3767 ZAR to savings,Transfer money,3767.0,savings
What is my current balance?,Check balance,,
Pay 3653 ZAR for electricity,Pay bill,3653.0,electricity
Transfer 2123 ZAR to Mike,Send money,2123.0,Mike
Apply for a loan of 43383 ZAR,Apply for loan,43383.0,
Can I get a loan for 6136 ZAR?,Apply for loan,6136.0,
Check my loan status,Check loan,,
Apply for a loan of 3561 ZAR,Apply for loan,3561.0,
Check my loan status,Check loan,,
Send 6129 ZAR to savings,Transfer money,6129.0,savings
Move 9540 ZAR to savings,Transfer money,9540.0,savings
What is my current balance?,Check balance,,
Pay 868 ZAR for phone,Pay bill,868.0,phone
I need to pay 675 ZAR for my water,Pay bill,675.0,water
Apply for a loan of 49282 ZAR,Apply for loan,49282.0,
Apply for a loan of 6122 ZAR,Apply for loan,6122.0,
I want to send 9097 ZAR to John,Send money,9097.0,John
Send 7691 ZAR to savings,Transfer money,7691.0,savings
I need to pay 2909 ZAR for my internet,Pay bill,2909.0,internet
Check my balance,Check balance,,
I want to send 4758 ZAR to David,Send money,4758.0,David
Transfer 4979 ZAR to David,Send money,4979.0,David
How much money do I have?,Check balance,,
What is my loan balance?,Check loan,,
How much money do I have?,Check balance,,
Send 891 ZAR to checking,Transfer money,891.0,checking
Pay my phone bill,Pay bill,4642.0,phone
I want to borrow 21126 ZAR,Apply for loan,21126.0,
Send 8902 ZAR to investment,Transfer money,8902.0,investment
Transfer 3203 ZAR to Emma,Send money,3203.0,Emma
Send 3189 ZAR to Mike,Send money,3189.0,Mike
I need to pay 1032 ZAR for my phone,Pay bill,1032.0,phone
Transfer 5034 ZAR to my checking,Transfer money,5034.0,checking
What is my loan balance?,Check loan,,
How much money do I have?,Check balance,,
Can I get a loan for 21544 ZAR?,Apply for loan,21544.0,
Can I get a loan for 3275 ZAR?,Apply for loan,3275.0,
What is my current balance?,Check balance,,
Check my balance,Check balance,,
Can I get a loan for 10046 ZAR?,Apply for loan,10046.0,
I need to pay 2313 ZAR for my electricity,Pay bill,2313.0,electricity
How much do I owe on my loan?,Check loan,,
I want to send 3151 ZAR to Sarah,Send money,3151.0,Sarah
Pay 3545 ZAR for rent,Pay bill,3545.0,rent
Transfer 7062 ZAR to Emma,Send money,7062.0,Emma
Apply for a loan of 43023 ZAR,Apply for loan,43023.0,
How much money do I have?,Check balance,,
I need to pay 754 ZAR for my electricity,Pay bill,754.0,electricity
How much do I owe on my loan?,Check loan,,
Check my balance,Check balance,,
What is my loan balance?,Check loan,,
Apply for a loan of 28538 ZAR,Apply for loan,28538.0,
Pay my electricity bill,Pay bill,2139.0,electricity
Transfer 1437 ZAR to my savings,Transfer money,1437.0,savings
Check my loan status,Check loan,,
Check my balance,Check balance,,
Move 367 ZAR to savings,Transfer money,367.0,savings
Move 6445 ZAR to savings,Transfer money,6445.0,savings
Pay 1557 ZAR for electricity,Pay bill,1557.0,electricity
How much money do I have?,Check balance,,
Transfer 9417 ZAR to my checking,Transfer money,9417.0,checking
I need to pay 4608 ZAR for my internet,Pay bill,4608.0,internet
What is my current balance?,Check balance,,
I need to pay 2935 ZAR for my electricity,Pay bill,2935.0,electricity
Transfer 8326 ZAR to John,Send money,8326.0,John
I want to send 399 ZAR to Emma,Send money,399.0,Emma
What is my current balance?,Check balance,,
Send 5292 ZAR to checking,Transfer money,5292.0,checking
Send 4082 ZAR to Sarah,Send money,4082.0,Sarah
What is my loan balance?,Check loan,,
Check my balance,Check balance,,
Can I get a loan for 20953 ZAR?,Apply for loan,20953.0,
I want to send 5894 ZAR to Mike,Send money,5894.0,Mike
Apply for a loan of 6325 ZAR,Apply for loan,6325.0,
Pay my phone bill,Pay bill,2186.0,phone
Can I get a loan for 41314 ZAR?,Apply for loan,41314.0,
What is my current balance?,Check balance,,
Transfer 5168 ZAR to Sarah,Send money,5168.0,Sarah
Transfer 2410 ZAR to Jane,Send money,2410.0,Jane
What is my loan balance?,Check loan,,
Check my balance,Check balance,,
What is my loan balance?,Check loan,,
Check my balance,Check balance,,
Pay my phone bill,Pay bill,4923.0,phone
Move 5117 ZAR to investment,Transfer money,5117.0,investment
How much money do I have?,Check balance,,
What is my current balance?,Check balance,,
How much money do I have?,Check balance,,
Pay my water bill,Pay bill,781.0,water
I need to pay 3967 ZAR for my phone,Pay bill,3967.0,phone
I want to borrow 18577 ZAR,Apply for loan,18577.0,
Pay my electricity bill,Pay bill,2205.0,electricity
Can I get a loan for 44849 ZAR?,Apply for loan,44849.0,
Transfer 6587 ZAR to my investment,Transfer money,6587.0,investment
Pay 1812 ZAR for electricity,Pay bill,1812.0,electricity
Check my loan status,Check loan,,
How much money do I have?,Check balance,,
Pay 2201 ZAR for phone,Pay bill,2201.0,phone
Send 3691 ZAR to investment,Transfer money,3691.0,investment
What is my current balance?,Check balance,,
Move 3962 ZAR to investment,Transfer money,3962.0,investment
Transfer 8353 ZAR to my checking,Transfer money,8353.0,checking
I want to borrow 43828 ZAR,Apply for loan,43828.0,
Send 7422 ZAR to savings,Transfer money,7422.0,savings
Send 3282 ZAR to Mike,Send money,3282.0,Mike
Transfer 6525 ZAR to John,Send money,6525.0,John
Move 6901 ZAR to investment,Transfer money,6901.0,investment
What is my loan balance?,Check loan,,
I need to pay 4189 ZAR for my electricity,Pay bill,4189.0,electricity
Check my loan status,Check loan,,
Move 2540 ZAR to checking,Transfer money,2540.0,checking
Pay 2975 ZAR for rent,Pay bill,2975.0,rent
Apply for a loan of 1910 ZAR,Apply for loan,1910.0,
How much do I owe on my loan?,Check loan,,
Check my balance,Check balance,,
How much money do I have?,Check balance,,
Can I get a loan for 15150 ZAR?,Apply for loan,15150.0,
I want to borrow 49090 ZAR,Apply for loan,49090.0,
I want to borrow 9775 ZAR,Apply for loan,9775.0,
I want to borrow 4099 ZAR,Apply for loan,4099.0,
I want to borrow 34404 ZAR,Apply for loan,34404.0,
Check my balance,Check balance,,
Send 9181 ZAR to investment,Transfer money,9181.0,investment
How much money do I have?,Check balance,,
Pay 1263 ZAR for water,Pay bill,1263.0,water
Transfer 4804 ZAR to Emma,Send money,4804.0,Emma
Transfer 2315 ZAR to Mike,Send money,2315.0,Mike
Move 6551 ZAR to checking,Transfer money,6551.0,checking
Check my balance,Check balance,,
How much money do I have?,Check balance,,
How much money do I have?,Check balance,,
Send 5737 ZAR to Mike,Send money,5737.0,Mike
I want to send 4036 ZAR to Jane,Send money,4036.0,Jane
How much do I owe on my loan?,Check loan,,
How much money do I have?,Check balance,,
Pay 1193 ZAR for phone,Pay bill,1193.0,phone
